problem,old_ms,xt_ms,now_ms,status,old_to_now,xt_to_now
1,2.0,1.0,1.8,OK,1.11,0.56
2,1.0,1.0,1.6,OK,0.62,0.62
3,1.0,0.0,1.5,OK,0.67,
4,2.0,1.0,1.8,OK,1.11,0.56
5,1.0,1.0,1.6,OK,0.62,0.62
6,1.0,1.0,1.5,OK,0.67,0.67
7,2.0,1.0,1.5,OK,1.33,0.67
8,1.0,1.0,1.5,OK,0.67,0.67
9,1.0,1.0,1.6,OK,0.62,0.62
10,8.0,4.0,5.2,OK,1.54,0.77
11,2.0,1.0,1.6,OK,1.25,0.62
12,13.0,15.0,15.9,OK,0.82,0.94
13,2.0,1.0,1.6,OK,1.25,0.62
14,14.0,8.0,9.4,OK,1.49,0.85
15,1.0,1.0,1.6,OK,0.62,0.62
16,1.0,1.0,1.6,OK,0.62,0.62
17,1.0,0.0,1.5,OK,0.67,
18,1.0,0.0,1.3,OK,0.77,
19,2.0,0.0,1.4,OK,1.43,
20,1.0,0.0,1.7,OK,0.59,
21,2.0,1.0,1.6,OK,1.25,0.62
22,2.0,1.0,2.0,OK,1.0,0.5
23,8.0,5.0,6.9,OK,1.16,0.72
24,1.0,1.0,1.6,OK,0.62,0.62
25,1.0,1.0,1.4,OK,0.71,0.71
26,2.0,1.0,1.6,OK,1.25,0.62
27,13.0,5.0,5.6,OK,2.32,0.89
28,2.0,1.0,1.5,OK,1.33,0.67
29,3.0,2.0,3.0,OK,1.0,0.67
30,3.0,2.0,2.9,OK,1.03,0.69
31,1.0,0.0,1.6,OK,0.62,
32,3.0,6.0,6.2,OK,0.48,0.97
33,1.0,1.0,1.6,OK,0.62,0.62
34,17.0,12.0,13.3,OK,1.28,0.9
35,5.0,3.0,3.9,OK,1.28,0.77
36,24.0,11.0,0.7,OK,34.29,15.71
37,42.0,22.0,0.8,OK,52.5,27.5
38,2.0,1.0,1.9,OK,1.05,0.53
39,2.0,1.0,2.1,OK,0.95,0.48
40,5.0,2.0,3.5,OK,1.43,0.57
41,1.0,1.0,1.4,OK,0.71,0.71
42,2.0,1.0,1.6,OK,1.25,0.62
43,15.0,10.0,12.1,OK,1.24,0.83
44,39.0,20.0,21.3,OK,1.83,0.94
45,2.0,1.0,1.8,OK,1.11,0.56
46,2.0,1.0,1.7,OK,1.18,0.59
47,2.0,1.0,2.2,OK,0.91,0.45
48,2.0,1.0,1.5,OK,1.33,0.67
49,5.0,3.0,4.4,OK,1.14,0.68
50,8.0,4.0,5.7,OK,1.4,0.7
51,5.0,2.0,3.6,OK,1.39,0.56
52,16.0,8.0,8.9,OK,1.8,0.9
53,1.0,1.0,1.7,OK,0.59,0.59
54,2.0,1.0,2.1,OK,0.95,0.48
55,16.0,8.0,8.5,OK,1.88,0.94
56,7.0,3.0,3.7,OK,1.89,0.81
57,6.0,2.0,2.9,OK,2.07,0.69
58,63.0,34.0,10.6,OK,5.94,3.21
59,7.0,5.0,6.5,OK,1.08,0.77
60,132.0,62.0,6.0,OK,22.0,10.33
61,9.0,0.0,1.8,OK,5.0,
62,4.0,2.0,3.9,OK,1.03,0.51
63,2.0,1.0,1.7,OK,1.18,0.59
64,6.0,2.0,4.0,OK,1.5,0.5
65,1.0,0.0,1.7,OK,0.59,
66,3.0,1.0,1.9,OK,1.58,0.53
67,1.0,1.0,1.7,OK,0.59,0.59
68,149.0,61.0,1.5,OK,99.33,40.67
69,10.0,1.0,1.6,OK,6.25,0.62
70,5.0,3.0,3.6,OK,1.39,0.83
71,3.0,2.0,2.9,OK,1.03,0.69
72,23.0,7.0,7.8,OK,2.95,0.9
73,408.0,274.0,0.8,OK,510.00,342.50
74,30.0,11.0,12.4,OK,2.42,0.89
75,9.0,6.0,6.0,OK,1.5,1.0
76,1.0,1.0,1.5,OK,0.67,0.67
77,2.0,0.0,1.5,OK,1.33,
78,17.0,15.0,16.3,OK,1.04,0.92
79,1.0,1.0,1.5,OK,0.67,0.67
80,2.0,1.0,2.0,OK,1.0,0.5
81,2.0,1.0,2.0,OK,1.0,0.5
82,1.0,2.0,1.9,OK,0.53,1.05
83,2.0,1.0,2.1,OK,0.95,0.48
84,65.0,50.0,1.8,OK,36.11,27.78
85,2.0,1.0,1.6,OK,1.25,0.62
86,10.0,7.0,7.9,OK,1.27,0.89
87,43.0,12.0,11.9,OK,3.61,1.01
88,4.0,2.0,3.4,OK,1.18,0.59
89,2.0,1.0,2.2,OK,0.91,0.45
90,2.0,1.0,2.0,OK,1.0,0.5
91,1.0,1.0,1.4,OK,0.71,0.71
92,63.0,50.0,0.8,OK,78.75,62.5
93,25.0,19.0,20.5,OK,1.22,0.93
94,1.0,1.0,1.6,OK,0.62,0.62
95,126.0,81.0,18.2,OK,6.92,4.45
96,87.0,39.0,1.7,OK,51.18,22.94
97,1.0,1.0,1.4,OK,0.71,0.71
98,44.0,25.0,24.8,OK,1.77,1.01
99,2.0,1.0,1.8,OK,1.11,0.56
100,0.0,1.0,1.6,OK,,0.62
101,0.0,1.0,1.5,OK,,0.67
102,0.0,1.0,1.8,OK,,0.56
103,0.0,1.0,1.5,OK,,0.67
104,0.0,5.0,6.6,OK,,0.76
105,0.0,12.0,12.7,OK,,0.94
106,0.0,1.0,2.2,OK,,0.45
107,0.0,1.0,1.6,OK,,0.62
108,0.0,1.0,1.5,OK,,0.67
109,0.0,1.0,1.5,OK,,0.67
110,0.0,1.0,1.6,OK,,0.62
111,0.0,1.0,2.0,OK,,0.5
112,0.0,15.0,15.2,OK,,0.99
113,0.0,1.0,1.8,OK,,0.56
114,0.0,1.0,1.4,OK,,0.71
115,0.0,1.0,1.8,OK,,0.56
116,0.0,1.0,1.5,OK,,0.67
117,0.0,1.0,1.6,OK,,0.62
118,0.0,86.0,84.8,OK,,1.01
119,0.0,1.0,1.8,OK,,0.56
120,0.0,1.0,1.5,OK,,0.67
121,0.0,1.0,1.6,OK,,0.62
122,0.0,140.0,1.6,OK,,87.5
123,0.0,2.0,2.4,OK,,0.83
124,0.0,6.0,6.3,OK,,0.95
125,0.0,30.0,30.5,OK,,0.98
126,0.0,3.0,3.7,OK,,0.81
127,0.0,201.0,15.6,OK,,12.88
128,0.0,2.0,2.9,OK,,0.69
129,0.0,6.0,8.0,OK,,0.75
130,0.0,19.0,20.5,OK,,0.93
131,0.0,1.0,1.7,OK,,0.59
132,0.0,3.0,3.6,OK,,0.83
133,0.0,4.0,4.7,OK,,0.85
134,0.0,7.0,7.7,OK,,0.91
135,0.0,4.0,5.4,OK,,0.74
136,0.0,449.0,60.1,OK,,7.47
137,0.0,1.0,1.5,OK,,0.67
138,0.0,1.0,1.6,OK,,0.62
139,0.0,191.0,0.7,OK,,272.86
140,0.0,1.0,1.5,OK,,0.67
141,0.0,41.0,40.3,OK,,1.02
142,0.0,60.0,59.9,OK,,1.0
143,0.0,13.0,13.0,OK,,1.0
144,0.0,1.0,9.9,OK,,0.1
145,0.0,100.0,0.8,OK,,125.00
146,0.0,133.0,93.8,OK,,1.42
147,0.0,1.0,1.6,OK,,0.62
148,0.0,1.0,1.7,OK,,0.59
149,0.0,34.0,36.0,OK,,0.94
150,0.0,61.0,64.4,OK,,0.95
151,0.0,1.0,10.0,OK,,0.1
152,0.0,189.0,68.3,OK,,2.77
153,0.0,1012.0,36.0,OK,,28.11
154,0.0,3558.0,71.7,OK,,49.62
155,0.0,1226.0,51.0,OK,,24.04
156,0.0,4.0,13.3,OK,,0.3
157,0.0,1.0,1.6,OK,,0.62
158,0.0,0.0,1.5,OK,,
159,0.0,14.0,15.3,OK,,0.92
160,0.0,1.0,1.8,OK,,0.56
161,0.0,33.0,34.6,OK,,0.95
162,0.0,1.0,1.5,OK,,0.67
163,0.0,1.0,1.8,OK,,0.56
164,0.0,0.0,1.5,OK,,
165,0.0,445.0,66.7,OK,,6.67
166,0.0,97.0,12.5,OK,,7.76
167,0.0,275.0,193.7,OK,,1.42
168,0.0,2.0,10.8,OK,,0.19
169,0.0,1.0,1.5,OK,,0.67
170,0.0,135.0,143.3,OK,,0.94
171,0.0,1.0,11.0,OK,,0.09
172,0.0,13.0,12.8,OK,,1.02
173,0.0,1.0,1.6,OK,,0.62
174,0.0,3.0,5.0,OK,,0.6
175,1.0,1.0,1.6,OK,0.62,0.62
176,0.0,1.0,1.5,OK,,0.67
177,0.0,132.0,135.0,OK,,0.98
178,0.0,1.0,10.2,OK,,0.1
179,0.0,57.0,60.1,OK,,0.95
180,0.0,78.0,79.9,OK,,0.98
181,0.0,2.0,10.9,OK,,0.18
182,0.0,170.0,5.8,OK,,29.31
183,0.0,2.0,2.6,OK,,0.77
184,0.0,3.0,5.0,OK,,0.6
185,0.0,86.0,87.1,OK,,0.99
186,0.0,50.0,51.3,OK,,0.97
187,0.0,168.0,59.5,OK,,2.82
188,0.0,1.0,9.9,OK,,0.1
189,0.0,20.0,19.2,OK,,1.04
190,0.0,1.0,1.5,OK,,0.67
191,0.0,1.0,1.6,OK,,0.62
192,0.0,17.0,16.4,OK,,1.04
193,0.0,139.0,161.4,OK,,0.86
194,0.0,3.0,12.0,OK,,0.25
195,0.0,893.0,23.7,OK,,37.68
196,0.0,160.0,105.8,OK,,1.51
197,0.0,1.0,9.8,OK,,0.1
198,0.0,7.0,7.5,OK,,0.93
199,0.0,1.0,2.4,OK,,0.42
200,0.0,5.0,6.4,OK,,0.78
201,0.0,12.0,13.4,OK,,0.9
202,0.0,1.0,1.0,OK,,1.0
203,0.0,1.0,1.0,OK,,1.0
204,0.0,31.0,33.5,OK,,0.93
205,0.0,1.0,0.9,OK,,1.11
206,0.0,1.0,0.9,OK,,1.11
207,0.0,2.0,1.8,OK,,1.11
208,0.0,28.0,29.0,OK,,0.97
209,0.0,1.0,1.0,OK,,1.0
210,0.0,61.0,61.6,OK,,0.99
211,0.0,1394.0,646.0,OK,,2.16
212,0.0,204.0,16.2,OK,,12.59
213,0.0,10.0,10.9,OK,,0.92
214,0.0,658.0,142.3,OK,,4.62
215,0.0,6.0,7.0,OK,,0.86
216,0.0,1321.0,204.0,OK,,6.48
217,0.0,10.0,10.7,OK,,0.93
218,0.0,1.0,1.0,OK,,1.0
219,0.0,1.0,1.1,OK,,0.91
220,1.0,1.0,0.8,OK,1.25,1.25
221,2643.0,320.0,5.2,OK,508.27,61.54
222,10.0,1.0,1.0,OK,10.0,1.0
223,453.0,277.0,34.8,OK,13.02,7.96
224,44.0,23.0,23.5,OK,1.87,0.98
225,35.0,12.0,12.0,OK,2.92,1.0
226,2.0,1.0,1.1,OK,1.82,0.91
227,29.0,27.0,27.1,OK,1.07,1.0
228,2.0,1.0,0.9,OK,2.22,1.11
229,2484.0,510.0,12.3,OK,201.95,41.46
230,10.0,1.0,0.9,OK,11.11,1.11
231,922.0,346.0,5.8,OK,158.97,59.66
232,10.0,1.0,1.2,OK,8.33,0.83
233,225.0,107.0,127.8,OK,1.76,0.84
234,23.0,6.0,6.4,OK,3.59,0.94
235,2.0,1.0,1.0,OK,2.0,1.0
236,99.0,54.0,56.0,OK,1.77,0.96
237,2.0,1.0,1.0,OK,2.0,1.0
238,8034.0,3936.0,113.2,OK,70.97,34.77
239,10.0,1.0,1.1,OK,9.09,0.91
240,12.0,6.0,7.0,OK,1.71,0.86
241,25.0,10.0,10.0,OK,2.5,1.0
242,1.0,1.0,1.0,OK,1.0,1.0
243,1.0,1.0,1.0,OK,1.0,1.0
244,14.0,10.0,9.8,OK,1.43,1.02
245,3079.0,800.0,281.6,OK,10.93,2.84
246,10.0,1.0,1.0,OK,10.0,1.0
247,74.0,66.0,66.1,OK,1.12,1.0
248,136.0,65.0,67.9,OK,2.0,0.96
249,592.0,329.0,52.2,OK,11.34,6.30
250,171.0,89.0,8.5,OK,20.12,10.47
251,414.0,33.0,33.1,OK,12.51,1.0
252,179.0,100.0,100.7,OK,1.78,0.99
253,10.0,1.0,1.1,OK,9.09,0.91
254,54.0,24.0,24.4,OK,2.21,0.98
255,944.0,299.0,302.3,OK,3.12,0.99
256,3804.0,1472.0,158.6,OK,23.98,9.28
257,333.0,180.0,10.2,OK,32.65,17.65
258,58.0,34.0,34.6,OK,1.68,0.98
259,3753.0,1352.0,490.9,OK,7.65,2.75
260,389.0,210.0,10.9,OK,35.69,19.27
261,70.0,32.0,33.0,OK,2.12,0.97
262,141.0,105.0,105.9,OK,1.33,0.99
263,2307.0,17.0,18.1,OK,127.46,0.94
264,86.0,44.0,44.7,OK,1.92,0.98
265,2.0,1.0,1.3,OK,1.54,0.77
266,870.0,515.0,29.7,OK,29.29,17.34
267,10.0,1.0,1.2,OK,8.33,0.83
268,293.0,80.0,83.1,OK,3.53,0.96
269,36.0,18.0,18.9,OK,1.9,0.95
270,6.0,4.0,4.1,OK,1.46,0.98
271,3.0,1.0,1.7,OK,1.76,0.59
272,391.0,87.0,90.7,OK,4.31,0.96
273,331.0,194.0,200.2,OK,1.65,0.97
274,100.0,23.0,23.6,OK,4.24,0.97
275,2018.0,401.0,421.7,OK,4.79,0.95
276,354.0,113.0,117.5,OK,3.01,0.96
277,10.0,1.0,1.2,OK,8.33,0.83
278,2.0,1.0,1.3,OK,1.54,0.77
279,1352.0,783.0,20.2,OK,66.93,38.76
280,244.0,118.0,122.3,OK,2.0,0.96
281,10.0,1.0,1.1,OK,9.09,0.91
282,1.0,1.0,0.9,OK,1.11,1.11
283,1530.0,285.0,299.4,OK,5.11,0.95
284,769.0,635.0,5.0,OK,153.80,127.00
285,12.0,2.0,2.1,OK,5.71,0.95
286,2.0,1.0,1.6,OK,1.25,0.62
287,683.0,462.0,24.2,OK,28.22,19.09
288,45.0,31.0,31.2,OK,1.44,0.99
289,7.0,4.0,4.7,OK,1.49,0.85
290,20.0,11.0,12.1,OK,1.65,0.91
291,3439.0,947.0,214.1,OK,16.06,4.42
292,1414.0,565.0,89.3,OK,15.83,6.33
293,98.0,44.0,45.0,OK,2.18,0.98
294,15.0,12.0,12.6,OK,1.19,0.95
295,99.0,70.0,70.8,OK,1.4,0.99
296,1454.0,546.0,32.5,OK,44.74,16.80
297,10.0,1.0,0.9,OK,11.11,1.11
298,39.0,18.0,19.2,OK,2.03,0.94
299,909.0,549.0,4.6,OK,197.61,119.35
300,268.0,65.0,67.0,OK,4.0,0.97
301,10.0,1.0,0.9,OK,11.11,1.11
302,588.0,200.0,217.0,OK,2.71,0.92
303,263.0,107.0,104.4,OK,2.52,1.02
304,601.0,74.0,78.9,OK,7.62,0.94
305,17.0,4.0,4.3,OK,3.95,0.93
306,11.0,6.0,6.2,OK,1.77,0.97
307,1.0,1.0,1.2,OK,0.83,0.83
308,141.0,58.0,58.0,OK,2.43,1.0
309,959.0,274.0,26.2,OK,36.60,10.46
310,143.0,87.0,87.2,OK,1.64,1.0
311,1608.0,641.0,20.8,OK,77.31,30.82
312,0.0,1.0,1.1,OK,,0.91
313,5.0,3.0,3.0,OK,1.67,1.0
314,4746.0,3159.0,13.0,OK,365.08,243.00
315,109.0,62.0,64.1,OK,1.7,0.97
316,111.0,55.0,54.0,OK,2.06,1.02
317,2.0,1.0,1.1,OK,1.82,0.91
318,3.0,1.0,2.5,OK,1.2,0.4
319,1114.0,544.0,52.4,OK,21.26,10.38
320,1794.0,445.0,457.1,OK,3.92,0.97
321,0.0,1.0,1.0,OK,,1.0
322,1058.0,783.0,1.2,OK,881.67,652.5
323,1.0,1.0,0.9,OK,1.11,1.11
324,333.0,161.0,156.6,OK,2.13,1.03
325,1.0,1.0,1.1,OK,0.91,0.91
326,71.0,20.0,23.8,OK,2.98,0.84
327,0.0,1.0,1.1,OK,,0.91
328,3.0,3.0,3.0,OK,1.0,1.0
329,0.0,1.0,1.0,OK,,1.0
330,1.0,1.0,1.2,OK,0.83,0.83
331,2187.0,1726.0,121.0,OK,18.07,14.26
332,667.0,498.0,5.5,OK,121.27,90.55
333,209.0,141.0,150.0,OK,1.39,0.94
334,0.0,1.0,1.1,OK,,0.91
335,0.0,1.0,1.1,OK,,0.91
336,1149.0,687.0,7.2,OK,159.58,95.42
337,4178.0,2148.0,1766.8,OK,2.36,1.22
338,2262.0,521.0,533.4,OK,4.24,0.98
339,970.0,580.0,602.0,OK,1.61,0.96
340,0.0,1.0,1.1,OK,,0.91
341,54.0,16.0,17.0,OK,3.18,0.94
342,4.0,2.0,3.0,OK,1.33,0.67
343,402.0,88.0,95.5,OK,4.21,0.92
344,853.0,267.0,1.3,OK,656.15,205.38
345,2.0,1.0,1.7,OK,1.18,0.59
346,59.0,36.0,40.3,OK,1.46,0.89
347,66.0,22.0,23.2,OK,2.84,0.95
348,243.0,152.0,160.4,OK,1.51,0.95
349,1.0,1.0,1.6,OK,0.62,0.62
350,79.0,29.0,31.6,OK,2.5,0.92
351,3865.0,1297.0,6.5,OK,594.62,199.54
352,284.0,166.0,171.9,OK,1.65,0.97
353,514.0,321.0,63.2,OK,8.13,5.08
354,1774.0,737.0,86.9,OK,20.41,8.48
355,16.0,9.0,9.8,OK,1.63,0.92
356,1.0,1.0,1.0,OK,1.0,1.0
357,1012.0,220.0,234.7,OK,4.31,0.94
358,0.0,1.0,1.2,OK,,0.83
359,58.0,13.0,13.9,OK,4.17,0.94
360,811.0,315.0,13.8,OK,58.77,22.83
361,1.0,1.0,1.4,OK,0.71,0.71
362,3390.0,1134.0,367.0,OK,9.24,3.09
363,10.0,8.0,8.3,OK,1.2,0.96
364,144.0,49.0,50.3,OK,2.86,0.97
365,535.0,65.0,68.9,OK,7.76,0.94
366,1.0,0.0,0.9,OK,1.11,
367,6.0,1.0,1.3,OK,4.62,0.77
368,72.0,29.0,28.7,OK,2.51,1.01
369,552.0,539.0,1.0,OK,552.00,539.00
370,6739.0,1840.0,237.8,OK,28.34,7.74
371,0.0,1.0,1.0,OK,,1.0
372,339.0,157.0,159.0,OK,2.13,0.99
373,1248.0,722.0,55.8,OK,22.37,12.94
374,700.0,364.0,116.8,OK,5.99,3.12
375,477.0,330.0,99.7,OK,4.78,3.31
376,26.0,18.0,19.4,OK,1.34,0.93
377,30.0,10.0,10.7,OK,2.8,0.93
378,10061.0,5367.0,714.6,OK,14.08,7.51
379,7827.0,3215.0,1138.0,OK,6.88,2.83
380,6.0,1.0,1.5,OK,4.0,0.67
381,770.0,173.0,181.9,OK,4.23,0.95
382,1.0,1.0,1.1,OK,0.91,0.91
383,1.0,1.0,1.1,OK,0.91,0.91
384,12.0,6.0,6.9,OK,1.74,0.87
385,5.0,1.0,1.1,OK,4.55,0.91
386,1551.0,873.0,17.1,OK,90.70,51.05
387,452.0,101.0,105.9,OK,4.27,0.95
388,352.0,113.0,115.7,OK,3.04,0.98
389,0.0,1.0,1.2,OK,,0.83
390,101.0,21.0,22.6,OK,4.47,0.93
391,175.0,18.0,19.4,OK,9.02,0.93
392,1.0,1.0,1.5,OK,0.67,0.67
393,25.0,18.0,18.1,OK,1.38,0.99
394,1.0,1.0,1.1,OK,0.91,0.91
395,1.0,1.0,1.2,OK,0.83,0.83
396,5.0,2.0,2.4,OK,2.08,0.83
397,3462.0,771.0,65.0,OK,53.26,11.86
398,525.0,322.0,2.2,OK,238.64,146.36
399,3344.0,1172.0,41.1,OK,81.36,28.52
400,207.0,162.0,169.7,OK,1.22,0.95
401,1279.0,72.0,75.9,OK,16.85,0.95
402,134.0,46.0,48.3,OK,2.77,0.95
403,81.0,39.0,40.0,OK,2.02,0.97
404,2694.0,69.0,74.3,OK,36.26,0.93
405,0.0,0.0,1.0,OK,,
406,120.0,71.0,79.1,OK,1.52,0.9
407,923.0,114.0,129.5,OK,7.13,0.88
408,933.0,574.0,264.0,OK,3.53,2.17
409,46.0,41.0,42.8,OK,1.07,0.96
410,2747.0,1006.0,107.7,OK,25.51,9.34
411,2977.0,1482.0,950.0,OK,3.13,1.56
412,19.0,12.0,12.1,OK,1.57,0.99
413,1108.0,631.0,678.1,OK,1.63,0.93
414,3491.0,2619.0,132.0,OK,26.45,19.84
415,7278.0,3215.0,163.5,OK,44.51,19.66
416,5054.0,1327.0,113.5,OK,44.53,11.69
417,6755.0,988.0,166.1,OK,40.67,5.95
418,564.0,360.0,370.4,OK,1.52,0.97
419,49.0,15.0,16.3,OK,3.01,0.92
420,3633.0,1072.0,24.0,OK,151.38,44.67
421,5862.0,469.0,494.5,OK,11.85,0.95
422,10.0,0.0,1.2,OK,8.33,
423,1827.0,719.0,742.3,OK,2.46,0.97
424,590.0,95.0,97.0,OK,6.08,0.98
425,266.0,109.0,114.2,OK,2.33,0.95
426,234.0,119.0,120.1,OK,1.95,0.99
427,8247.0,1958.0,367.0,OK,22.47,5.34
428,3732.0,2036.0,106.5,OK,35.04,19.12
429,452.0,167.0,168.3,OK,2.69,0.99
430,156.0,86.0,89.8,OK,1.74,0.96
431,21.0,8.0,8.3,OK,2.53,0.96
432,1580.0,506.0,142.2,OK,11.11,3.56
433,5426.0,1892.0,74.9,OK,72.44,25.26
434,662.0,169.0,171.2,OK,3.87,0.99
435,14.0,2.0,2.5,OK,5.6,0.8
436,1.0,0.0,1.0,OK,1.0,
437,5792.0,2050.0,426.0,OK,13.60,4.81
438,378.0,122.0,123.5,OK,3.06,0.99
439,3364.0,942.0,976.0,OK,3.45,0.97
440,422.0,332.0,343.4,OK,1.23,0.97
441,454.0,83.0,92.9,OK,4.89,0.89
442,24.0,13.0,13.6,OK,1.76,0.96
443,1265.0,235.0,242.3,OK,5.22,0.97
444,9.0,1.0,1.2,OK,7.5,0.83
445,6383.0,1428.0,274.7,OK,23.24,5.20
446,2797.0,710.0,299.3,OK,9.35,2.37
447,3284.0,1154.0,184.9,OK,17.76,6.24
448,9138.0,3563.0,553.0,OK,16.52,6.44
449,10.0,1.0,1.2,OK,8.33,0.83
450,550.0,89.0,93.6,OK,5.88,0.95
451,2960.0,994.0,194.1,OK,15.25,5.12
452,3585.0,2004.0,106.0,OK,33.82,18.91
453,100.0,11.0,11.8,OK,8.47,0.93
454,1186.0,555.0,48.0,OK,24.71,11.56
455,3029.0,38.0,40.4,OK,74.98,0.94
456,779.0,264.0,278.3,OK,2.8,0.95
457,1011.0,322.0,334.4,OK,3.02,0.96
458,10.0,1.0,1.2,OK,8.33,0.83
459,5554.0,3352.0,599.8,OK,9.26,5.59
460,256.0,154.0,157.4,OK,1.63,0.98
461,7872.0,4092.0,964.2,OK,8.16,4.24
462,12.0,2.0,2.4,OK,5.0,0.83
463,2.0,1.0,1.1,OK,1.82,0.91
464,2995.0,4113.0,1151.0,OK,2.60,3.57
465,4586.0,1497.0,960.1,OK,4.78,1.56
466,1150.0,353.0,4.8,OK,239.58,73.54
467,450.0,198.0,202.4,OK,2.22,0.98
468,6791.0,5044.0,233.0,OK,29.15,21.65
469,10.0,1.0,1.1,OK,9.09,0.91
470,1915.0,1053.0,28.0,OK,68.39,37.61
471,3.0,1.0,1.0,OK,3.0,1.0
472,1.0,1.0,1.0,OK,1.0,1.0
473,2.0,1.0,1.0,OK,2.0,1.0
474,7.0,3.0,4.1,OK,1.71,0.73
475,696.0,176.0,175.9,OK,3.96,1.0
476,4755.0,697.0,121.7,OK,39.07,5.73
477,1325.0,436.0,281.0,OK,4.72,1.55
478,3672.0,2284.0,269.1,OK,13.65,8.49
479,150.0,123.0,127.2,OK,1.18,0.97
480,55.0,15.0,15.1,OK,3.64,0.99
481,70.0,45.0,47.7,OK,1.47,0.94
482,5435.0,752.0,164.2,OK,33.10,4.58
483,3696.0,2518.0,658.0,OK,5.62,3.83
484,2571.0,780.0,188.0,OK,13.68,4.15
485,2052.0,861.0,87.2,OK,23.53,9.87
486,2313.0,32.0,37.3,OK,62.01,0.86
487,522.0,171.0,177.4,OK,2.94,0.96
488,9.0,1.0,1.2,OK,7.5,0.83
489,296.0,102.0,107.9,OK,2.74,0.95
490,197.0,108.0,113.8,OK,1.73,0.95
491,11.0,2.0,2.1,OK,5.24,0.95
492,518.0,48.0,53.3,OK,9.72,0.9
493,10.0,1.0,0.9,OK,11.11,1.11
494,1180.0,809.0,26.1,OK,45.21,31.0
495,584.0,357.0,437.6,OK,1.33,0.82
496,41.0,16.0,20.7,OK,1.98,0.77
497,5.0,3.0,3.9,OK,1.28,0.77
498,2.0,1.0,1.3,OK,1.54,0.77
499,1.0,1.0,1.0,OK,1.0,1.0
500,68.0,33.0,35.5,OK,1.92,0.93
501,5175.0,1540.0,608.0,OK,8.51,2.53
502,1547.0,773.0,136.6,OK,11.33,5.66
503,27.0,15.0,16.2,OK,1.67,0.93
504,134.0,73.0,79.0,OK,1.7,0.92
505,6874.0,4299.0,487.6,OK,14.10,8.82
506,12.0,2.0,2.3,OK,5.22,0.87
507,7398.0,928.0,951.7,OK,7.77,0.98
508,16.0,6.0,6.6,OK,2.42,0.91
509,2.0,1.0,1.5,OK,1.33,0.67
510,56.0,23.0,22.5,OK,2.49,1.02
511,731.0,177.0,181.5,OK,4.03,0.98
512,213.0,61.0,62.7,OK,3.4,0.97
513,9051.0,987.0,548.7,OK,16.50,1.80
514,89.0,57.0,59.0,OK,1.51,0.97
515,156.0,78.0,81.8,OK,1.91,0.95
516,115.0,31.0,33.0,OK,3.48,0.94
517,261.0,108.0,112.3,OK,2.32,0.96
518,2873.0,1312.0,33.5,OK,85.76,39.16
519,71.0,22.0,22.0,OK,3.23,1.0
520,56.0,28.0,28.7,OK,1.95,0.98
521,5756.0,1685.0,331.7,OK,17.35,5.08
522,1063.0,798.0,112.7,OK,9.43,7.08
523,9.0,1.0,1.1,OK,8.18,0.91
524,3.0,1.0,1.1,OK,2.73,0.91
525,165.0,106.0,110.8,OK,1.49,0.96
526,2394.0,620.0,15.3,OK,156.47,40.52
527,3.0,1.0,1.0,OK,3.0,1.0
528,18.0,7.0,7.8,OK,2.31,0.9
529,2838.0,844.0,259.9,OK,10.92,3.25
530,1459.0,277.0,286.2,OK,5.1,0.97
531,2445.0,38.0,38.9,OK,62.85,0.98
532,13.0,7.0,7.3,OK,1.78,0.96
533,1646.0,587.0,605.7,OK,2.72,0.97
534,6556.0,912.0,959.7,OK,6.83,0.95
535,231.0,81.0,85.0,OK,2.72,0.95
536,8526.0,2570.0,266.0,OK,32.05,9.66
537,524.0,192.0,199.3,OK,2.63,0.96
538,3538.0,1610.0,58.2,OK,60.79,27.66
539,3.0,1.0,1.2,OK,2.5,0.83
540,6993.0,1311.0,47.7,OK,146.60,27.48
541,204.0,60.0,61.9,OK,3.3,0.97
542,1359.0,846.0,6.8,OK,199.85,124.41
543,7368.0,2348.0,20.8,OK,354.23,112.88
544,2061.0,451.0,461.9,OK,4.46,0.98
545,1642.0,352.0,300.9,OK,5.46,1.17
546,20.0,14.0,15.2,OK,1.32,0.92
547,17.0,8.0,8.4,OK,2.02,0.95
548,3949.0,574.0,75.3,OK,52.44,7.62
549,31.0,12.0,11.8,OK,2.63,1.02
550,970.0,396.0,397.8,OK,2.44,1.0
551,6.0,2.0,3.4,OK,1.76,0.59
552,8468.0,2877.0,909.9,OK,9.31,3.16
553,836.0,640.0,42.2,OK,19.81,15.17
554,1339.0,680.0,4.7,OK,284.89,144.68
555,24.0,13.0,13.4,OK,1.79,0.97
556,1087.0,465.0,59.7,OK,18.21,7.79
557,5324.0,98.0,98.2,OK,54.22,1.0
558,2357.0,266.0,264.2,OK,8.92,1.01
559,7090.0,5518.0,874.7,OK,8.11,6.31
560,748.0,245.0,253.6,OK,2.95,0.97
561,13.0,1.0,1.2,OK,10.83,0.83
562,372.0,225.0,226.3,OK,1.64,0.99
563,3144.0,828.0,854.7,OK,3.68,0.97
564,564.0,224.0,253.4,OK,2.23,0.88
565,997.0,241.0,266.4,OK,3.74,0.9
566,376.0,113.0,116.1,OK,3.24,0.97
567,517.0,305.0,313.7,OK,1.65,0.97
568,13.0,1.0,1.1,OK,11.82,0.91
569,887.0,328.0,342.0,OK,2.59,0.96
570,1057.0,82.0,85.4,OK,12.38,0.96
571,3362.0,887.0,77.5,OK,43.38,11.45
572,343.0,161.0,165.8,OK,2.07,0.97
573,56.0,65.0,67.3,OK,0.83,0.97
574,67.0,33.0,34.6,OK,1.94,0.95
575,6.0,2.0,2.8,OK,2.14,0.71
576,1373.0,677.0,685.5,OK,2.0,0.99
577,12.0,0.0,1.3,OK,9.23,
578,4654.0,2491.0,1180.0,OK,3.94,2.11
579,165.0,64.0,65.0,OK,2.54,0.98
580,3121.0,1153.0,110.4,OK,28.27,10.44
581,791.0,289.0,288.5,OK,2.74,1.0
582,8.0,3.0,3.3,OK,2.42,0.91
583,4922.0,853.0,202.4,OK,24.32,4.21
584,1706.0,357.0,355.2,OK,4.8,1.01
585,6709.0,2248.0,249.1,OK,26.93,9.02
586,2568.0,125.0,126.3,OK,20.33,0.99
587,13.0,1.0,1.1,OK,11.82,0.91
588,5.0,1.0,1.1,OK,4.55,0.91
589,2464.0,137.0,141.7,OK,17.39,0.97
590,382.0,118.0,120.8,OK,3.16,0.98
591,81.0,35.0,37.6,OK,2.15,0.93
592,5538.0,4141.0,181.8,OK,30.46,22.78
593,4031.0,1513.0,52.9,OK,76.20,28.60
594,53.0,24.0,23.8,OK,2.23,1.01
595,5.0,1.0,1.0,OK,5.0,1.0
596,3607.0,1090.0,280.0,OK,12.88,3.89
597,133.0,73.0,74.4,OK,1.79,0.98
598,69.0,29.0,30.1,OK,2.29,0.96
599,4.0,1.0,1.0,OK,4.0,1.0
600,12.0,6.0,6.6,OK,1.82,0.91
601,4.0,1.0,1.0,OK,4.0,1.0
602,1360.0,408.0,29.3,OK,46.42,13.92
603,378.0,107.0,110.2,OK,3.43,0.97
604,192.0,24.0,25.0,OK,7.68,0.96
605,12.0,1.0,1.0,OK,12.0,1.0
606,5232.0,1536.0,336.2,OK,15.56,4.57
607,12.0,1.0,1.3,OK,9.23,0.77
608,5833.0,1687.0,74.2,OK,78.61,22.74
609,954.0,332.0,332.3,OK,2.87,1.0
610,5.0,1.0,1.7,OK,2.94,0.59
611,7122.0,1465.0,543.3,OK,13.11,2.70
612,28.0,4.0,4.4,OK,6.36,0.91
613,4.0,1.0,1.2,OK,3.33,0.83
614,7281.0,9153.0,936.0,OK,7.78,9.78
615,2089.0,485.0,477.9,OK,4.37,1.01
616,83.0,37.0,39.2,OK,2.12,0.94
617,117.0,30.0,47.0,OK,2.49,0.64
618,204.0,138.0,156.6,OK,1.3,0.88
619,16.0,3.0,4.0,OK,4.0,0.75
620,455.0,244.0,250.4,OK,1.82,0.97
621,1569.0,312.0,320.9,OK,4.89,0.97
622,47.0,9.0,9.8,OK,4.8,0.92
623,3321.0,2336.0,216.0,OK,15.38,10.81
624,12.0,1.0,1.0,OK,12.0,1.0
625,2409.0,700.0,57.2,OK,42.12,12.24
626,3495.0,1039.0,2.0,OK,1747.50,519.50
627,13.0,1.0,1.1,OK,11.82,0.91
628,2192.0,287.0,296.3,OK,7.4,0.97
629,77.0,43.0,44.4,OK,1.73,0.97
630,1090.0,708.0,22.4,OK,48.66,31.61
631,27.0,10.0,10.8,OK,2.5,0.93
632,2277.0,514.0,529.5,OK,4.3,0.97
633,29.0,9.0,11.1,OK,2.61,0.81
634,96.0,18.0,18.6,OK,5.16,0.97
635,3183.0,1197.0,292.8,OK,10.87,4.09
636,3362.0,592.0,267.0,OK,12.59,2.22
637,5285.0,1854.0,143.4,OK,36.85,12.93
638,633.0,189.0,192.1,OK,3.3,0.98
639,4017.0,1363.0,118.9,OK,33.78,11.46
640,232.0,69.0,72.4,OK,3.2,0.95
641,87.0,38.0,37.7,OK,2.31,1.01
642,6313.0,810.0,308.0,OK,20.50,2.63
643,2496.0,704.0,741.6,OK,3.37,0.95
644,1447.0,596.0,28.0,OK,51.68,21.29
645,12.0,1.0,1.1,OK,10.91,0.91
646,879.0,365.0,54.7,OK,16.07,6.67
647,752.0,311.0,323.3,OK,2.33,0.96
648,438.0,352.0,367.4,OK,1.19,0.96
649,15.0,1.0,1.1,OK,13.64,0.91
650,4960.0,879.0,912.2,OK,5.44,0.96
651,89.0,25.0,24.4,OK,3.65,1.02
652,45.0,14.0,15.9,OK,2.83,0.88
653,34.0,18.0,18.0,OK,1.89,1.0
654,4458.0,1314.0,1129.3,OK,3.95,1.16
655,7057.0,2387.0,541.0,OK,13.04,4.41
656,16.0,2.0,2.7,OK,5.93,0.74
657,6424.0,132.0,139.5,OK,46.05,0.95
658,1033.0,374.0,389.4,OK,2.65,0.96
659,3204.0,678.0,47.6,OK,67.31,14.24
660,4366.0,1942.0,492.2,OK,8.87,3.95
661,35.0,18.0,19.6,OK,1.79,0.92
662,4632.0,1814.0,1126.0,OK,4.11,1.61
663,1018.0,314.0,342.7,OK,2.97,0.92
664,94.0,58.0,60.9,OK,1.54,0.95
665,865.0,373.0,380.8,OK,2.27,0.98
666,14.0,2.0,3.0,OK,4.67,0.67
667,6.0,2.0,2.0,OK,3.0,1.0
668,130.0,38.0,39.7,OK,3.27,0.96
669,2.0,0.0,1.0,OK,2.0,
670,7.0,1.0,1.3,OK,5.38,0.77
671,525.0,74.0,76.5,OK,6.86,0.97
672,2000.0,1.0,1.2,OK,1666.67,0.83
673,4.0,1.0,1.0,OK,4.0,1.0
674,340.0,61.0,63.8,OK,5.33,0.96
675,1767.0,446.0,496.0,OK,3.56,0.9
676,57.0,7.0,6.8,OK,8.38,1.03
677,1005.0,734.0,16.0,OK,62.81,45.88
678,1436.0,305.0,315.0,OK,4.56,0.97
679,14.0,2.0,2.1,OK,6.67,0.95
680,6372.0,1870.0,2142.8,OK,2.97,0.87
681,16163.0,2681.0,927.0,OK,17.44,2.89
682,18.0,4.0,4.9,OK,3.67,0.82
683,16.0,6.0,6.9,OK,2.32,0.87
684,5.0,1.0,0.9,OK,5.56,1.11
685,24.0,7.0,7.4,OK,3.24,0.95
686,689.0,139.0,143.0,OK,4.82,0.97
687,45.0,18.0,20.3,OK,2.22,0.89
688,2691.0,68.0,71.5,OK,37.64,0.95
689,56.0,22.0,23.8,OK,2.35,0.92
690,537.0,206.0,210.6,OK,2.55,0.98
691,8100.0,1140.0,270.0,OK,30.0,4.22
692,12.0,1.0,1.2,OK,10.0,0.83
693,7149.0,705.0,676.3,OK,10.57,1.04
694,180.0,31.0,32.8,OK,5.49,0.95
695,13.0,1.0,1.1,OK,11.82,0.91
696,90.0,40.0,42.2,OK,2.13,0.95
697,132.0,44.0,47.0,OK,2.81,0.94
698,5.0,1.0,1.3,OK,3.85,0.77
699,2973.0,548.0,4.6,OK,646.3,119.13
700,232.0,179.0,184.4,OK,1.26,0.97
701,3787.0,1635.0,183.8,OK,20.6,8.9
702,15.0,1.0,1.2,OK,12.5,0.83
703,196.0,116.0,112.7,OK,1.74,1.03
704,15.0,1.0,1.2,OK,12.5,0.83
705,3143.0,1429.0,80.2,OK,39.19,17.82
706,9.0,5.0,5.1,OK,1.76,0.98
707,31.0,16.0,18.5,OK,1.68,0.86
708,7611.0,1831.0,191.0,OK,39.85,9.59
709,1348.0,862.0,108.0,OK,12.48,7.98
710,101.0,66.0,72.8,OK,1.39,0.91
711,178.0,84.0,83.6,OK,2.13,1.0
712,4471.0,1019.0,321.6,OK,13.9,3.17
713,47.0,16.0,17.3,OK,2.72,0.92
714,2556.0,591.0,642.4,OK,3.98,0.92
715,9958.0,3747.0,229.9,OK,43.31,16.30
716,33.0,14.0,14.8,OK,2.23,0.95
717,1350.0,210.0,217.8,OK,6.2,0.96
718,3407.0,295.0,358.9,OK,9.49,0.82
719,329.0,98.0,101.2,OK,3.25,0.97
720,948.0,306.0,318.8,OK,2.97,0.96
721,658.0,111.0,116.2,OK,5.66,0.96
722,13.0,0.0,1.0,OK,13.0,
723,34.0,12.0,13.7,OK,2.48,0.88
724,207.0,185.0,191.6,OK,1.08,0.97
725,12.0,1.0,2.0,OK,6.0,0.5
726,692.0,278.0,282.6,OK,2.45,0.98
727,16.0,2.0,2.8,OK,5.71,0.71
728,865.0,323.0,340.2,OK,2.54,0.95
729,2444.0,1830.0,73.0,OK,33.48,25.07
730,4301.0,524.0,547.9,OK,7.85,0.96
731,13.0,1.0,0.9,OK,14.44,1.11
732,783.0,478.0,72.7,OK,10.77,6.57
733,1177.0,647.0,83.0,OK,14.18,7.8
734,374.0,128.0,129.0,OK,2.9,0.99
735,10556.0,715.0,751.9,OK,14.04,0.95
736,13.0,1.0,1.8,OK,7.22,0.56
737,47.0,33.0,34.9,OK,1.35,0.95
738,1716.0,809.0,658.5,OK,2.61,1.23
739,4005.0,1563.0,50.7,OK,78.99,30.83
740,31.0,10.0,9.8,OK,3.16,1.02
741,2803.0,614.0,629.0,OK,4.46,0.98
742,303.0,145.0,147.1,OK,2.06,0.99
743,2305.0,737.0,752.8,OK,3.06,0.98
744,12.0,1.0,1.1,OK,10.91,0.91
745,212.0,73.0,74.9,OK,2.83,0.97
746,522.0,159.0,162.7,OK,3.21,0.98
747,1553.0,456.0,466.0,OK,3.33,0.98
748,3196.0,1088.0,35.0,OK,91.31,31.09
749,217.0,140.0,143.8,OK,1.51,0.97
750,412.0,177.0,182.1,OK,2.26,0.97
751,12.0,1.0,1.1,OK,10.91,0.91
752,2744.0,37.0,38.1,OK,72.02,0.97
753,59.0,18.0,20.1,OK,2.94,0.9
754,3406.0,1033.0,106.2,OK,32.07,9.73
755,2.0,1.0,1.1,OK,1.82,0.91
756,1342.0,151.0,159.3,OK,8.42,0.95
757,2639.0,451.0,480.0,OK,5.5,0.94
758,476.0,148.0,149.5,OK,3.18,0.99
759,17.0,1.0,1.1,OK,15.45,0.91
760,4.0,1.0,1.1,OK,3.64,0.91
761,4.0,1.0,0.9,OK,4.44,1.11
762,5.0,3.0,4.0,OK,1.25,0.75
763,4468.0,614.0,38.6,OK,115.75,15.91
764,17.0,4.0,4.2,OK,4.05,0.95
765,4.0,1.0,1.1,OK,3.64,0.91
766,1467.0,910.0,112.2,OK,13.07,8.11
767,516.0,136.0,142.4,OK,3.62,0.96
768,23.0,7.0,6.8,OK,3.38,1.03
769,5831.0,3120.0,707.9,OK,8.24,4.41
770,13.0,1.0,1.0,OK,13.0,1.0
771,13.0,4.0,4.0,OK,3.25,1.0
772,784.0,196.0,211.1,OK,3.71,0.93
773,13.0,1.0,1.4,OK,9.29,0.71
774,7386.0,3766.0,1436.4,OK,5.14,2.62
775,796.0,265.0,273.5,OK,2.91,0.97
776,14.0,2.0,2.5,OK,5.6,0.8
777,125.0,48.0,50.1,OK,2.5,0.96
778,13.0,1.0,1.2,OK,10.83,0.83
779,4.0,1.0,1.3,OK,3.08,0.77
780,2038.0,632.0,61.0,OK,33.41,10.36
781,1198.0,934.0,45.4,OK,26.39,20.57
782,14227.0,1356.0,802.5,OK,17.73,1.69
783,21.0,6.0,6.5,OK,3.23,0.92
784,2807.0,68.0,71.4,OK,39.31,0.95
785,6963.0,84.0,87.0,OK,80.03,0.97
786,4548.0,1457.0,1145.7,OK,3.97,1.27
787,199.0,71.0,70.1,OK,2.84,1.01
788,122.0,68.0,68.3,OK,1.79,1.0
789,1527.0,331.0,46.0,OK,33.2,7.2
790,571.0,301.0,308.4,OK,1.85,0.98
791,342.0,262.0,264.9,OK,1.29,0.99
792,703.0,242.0,240.8,OK,2.92,1.0
793,366.0,197.0,199.4,OK,1.84,0.99
794,67.0,24.0,24.8,OK,2.7,0.97
795,553.0,174.0,177.6,OK,3.11,0.98
796,283.0,186.0,184.7,OK,1.53,1.01
797,7001.0,2845.0,1049.6,OK,6.67,2.71
798,965.0,415.0,417.6,OK,2.31,0.99
799,4521.0,1240.0,87.0,OK,51.97,14.25
800,257.0,54.0,56.0,OK,4.59,0.96
801,939.0,294.0,307.8,OK,3.05,0.96
802,352.0,94.0,95.2,OK,3.7,0.99
803,366.0,237.0,240.7,OK,1.52,0.98
804,249.0,113.0,111.2,OK,2.24,1.02
805,686.0,283.0,281.0,OK,2.44,1.01
806,209.0,86.0,86.7,OK,2.41,0.99
807,1.0,1.0,1.3,OK,0.77,0.77
808,705.0,194.0,193.3,OK,3.65,1.0
809,12.0,1.0,1.1,OK,10.91,0.91
810,2459.0,1001.0,26.5,OK,92.79,37.77
811,12.0,1.0,1.0,OK,12.0,1.0
812,53.0,44.0,43.0,OK,1.23,1.02
813,5.0,1.0,1.1,OK,4.55,0.91
814,652.0,329.0,6.9,OK,94.49,47.68
815,1400.0,973.0,592.9,OK,2.36,1.64
816,146.0,67.0,68.9,OK,2.12,0.97
817,202.0,60.0,61.6,OK,3.28,0.97
818,1604.0,776.0,13.5,OK,118.81,57.48
819,4.0,2.0,2.0,OK,2.0,1.0
820,354.0,38.0,38.9,OK,9.1,0.98
821,12.0,1.0,1.1,OK,10.91,0.91
822,83.0,45.0,47.0,OK,1.77,0.96
823,1536.0,775.0,83.0,OK,18.51,9.34
824,2487.0,433.0,431.7,OK,5.76,1.0
825,131.0,40.0,42.5,OK,3.08,0.94
826,7.0,4.0,4.8,OK,1.46,0.83
827,2626.0,434.0,437.7,OK,6.0,0.99
828,195.0,37.0,37.3,OK,5.23,0.99
829,11685.0,7407.0,566.5,OK,20.63,13.08
830,72.0,18.0,17.8,OK,4.04,1.01
831,0.0,1.0,1.2,OK,,0.83
832,0.0,1.0,0.9,OK,,1.11
833,112.0,32.0,34.0,OK,3.29,0.94
834,268.0,24.0,24.0,OK,11.17,1.0
835,12.0,1.0,0.9,OK,13.33,1.11
836,5.0,1.0,0.9,OK,5.56,1.11
837,2638.0,1322.0,70.9,OK,37.21,18.65
838,12.0,7.0,7.2,OK,1.67,0.97
839,458.0,163.0,163.2,OK,2.81,1.0
840,1195.0,333.0,334.1,OK,3.58,1.0
841,319.0,78.0,81.8,OK,3.9,0.95
842,937.0,311.0,12.2,OK,76.8,25.49
843,43.0,19.0,19.3,OK,2.23,0.98
844,97.0,24.0,25.3,OK,3.83,0.95
845,2.0,1.0,1.5,OK,1.33,0.67
846,22859.0,7394.0,232.2,OK,98.45,31.84
847,8220.0,4236.0,398.2,OK,20.64,10.64
848,12.0,1.0,1.3,OK,9.23,0.77
849,996.0,191.0,189.4,OK,5.26,1.01
850,2837.0,1151.0,774.7,OK,3.66,1.49
851,383.0,162.0,164.0,OK,2.34,0.99
852,3975.0,1941.0,9.5,OK,418.42,204.32
853,16.0,2.0,3.8,OK,4.21,0.53
854,1342.0,412.0,475.2,OK,2.82,0.87
855,13.0,1.0,1.3,OK,10.0,0.77
856,4.0,1.0,1.5,OK,2.67,0.67
857,428.0,302.0,313.5,OK,1.37,0.96
858,87.0,34.0,34.9,OK,2.49,0.97
859,173.0,83.0,85.1,OK,2.03,0.98
860,133.0,44.0,47.1,OK,2.82,0.93
861,3781.0,1040.0,301.8,OK,12.53,3.45
862,17.0,3.0,3.6,OK,4.72,0.83
863,68.0,22.0,24.3,OK,2.8,0.91
864,6379.0,1801.0,229.0,OK,27.86,7.86
865,68.0,34.0,35.7,OK,1.9,0.95
866,13.0,1.0,1.1,OK,11.82,0.91
867,5354.0,3071.0,33.6,OK,159.35,91.4
868,13.0,1.0,0.9,OK,14.44,1.11
869,2415.0,871.0,51.1,OK,47.26,17.05
870,3619.0,1806.0,563.3,OK,6.42,3.21
871,364.0,174.0,167.9,OK,2.17,1.04
872,4.0,1.0,1.2,OK,3.33,0.83
873,5756.0,637.0,633.1,OK,9.09,1.01
874,22.0,8.0,8.4,OK,2.62,0.95
875,403.0,171.0,172.5,OK,2.34,0.99
876,72.0,17.0,17.5,OK,4.11,0.97
877,3.0,1.0,1.1,OK,2.73,0.91
878,2762.0,1287.0,20.0,OK,138.10,64.35
879,45.0,22.0,25.3,OK,1.78,0.87
880,1070.0,377.0,11.1,OK,96.4,33.96
881,33.0,10.0,11.1,OK,2.97,0.9
882,16.0,6.0,6.0,OK,2.67,1.0
883,3589.0,1486.0,306.0,OK,11.73,4.86
884,179.0,122.0,122.9,OK,1.46,0.99
885,193.0,137.0,138.5,OK,1.39,0.99
886,7967.0,3069.0,185.7,OK,42.9,16.53
887,13.0,1.0,1.2,OK,10.83,0.83
888,477.0,229.0,229.4,OK,2.08,1.0
889,1.0,1.0,1.3,OK,0.77,0.77
890,3005.0,1868.0,574.4,OK,5.23,3.25
891,1011.0,318.0,340.4,OK,2.97,0.93
892,204.0,67.0,67.8,OK,3.01,0.99
893,2040.0,1504.0,85.7,OK,23.8,17.55
894,2.0,2.0,2.2,OK,0.91,0.91
895,188.0,112.0,112.1,OK,1.68,1.0
896,41.0,20.0,20.5,OK,2.0,0.98
897,33.0,15.0,17.4,OK,1.9,0.86
898,273.0,146.0,150.7,OK,1.81,0.97
899,1.0,1.0,1.2,OK,0.83,0.83
900,1.0,1.0,1.1,OK,0.91,0.91
901,5.0,1.0,1.2,OK,4.17,0.83
902,576.0,86.0,86.4,OK,6.67,1.0
903,178.0,36.0,39.9,OK,4.46,0.9
904,325.0,150.0,151.0,OK,2.15,0.99
905,4.0,1.0,1.2,OK,3.33,0.83
906,234.0,23.0,22.9,OK,10.22,1.0
907,112.0,94.0,96.1,OK,1.17,0.98
908,1173.0,867.0,42.4,OK,27.67,20.45
909,2.0,1.0,1.0,OK,2.0,1.0
910,6864.0,1227.0,755.6,OK,9.08,1.62
911,76.0,44.0,43.0,OK,1.77,1.02
912,2.0,1.0,1.1,OK,1.82,0.91
913,77.0,26.0,26.7,OK,2.88,0.97
914,402.0,144.0,143.4,OK,2.8,1.0
915,34.0,12.0,13.5,OK,2.52,0.89
916,618.0,490.0,13.8,OK,44.78,35.51
917,626.0,178.0,179.6,OK,3.49,0.99
918,10.0,6.0,7.3,OK,1.37,0.82
919,3672.0,1247.0,114.0,OK,32.21,10.94
920,54.0,33.0,34.0,OK,1.59,0.97
921,3294.0,704.0,10.0,OK,329.4,70.4
922,113.0,22.0,21.2,OK,5.33,1.04
923,139.0,97.0,97.2,OK,1.43,1.0
924,464.0,111.0,111.5,OK,4.16,1.0
925,8132.0,3292.0,265.0,OK,30.69,12.42
926,299.0,115.0,114.6,OK,2.61,1.0
927,2447.0,537.0,517.6,OK,4.73,1.04
928,5430.0,926.0,823.0,OK,6.6,1.13
929,4224.0,1049.0,73.3,OK,57.63,14.31
930,1099.0,176.0,188.2,OK,5.84,0.94
931,8091.0,2092.0,743.6,OK,10.88,2.81
932,124.0,10.0,10.2,OK,12.16,0.98
933,2468.0,686.0,76.8,OK,32.14,8.93
934,187.0,65.0,64.7,OK,2.89,1.0
935,17.0,7.0,7.7,OK,2.21,0.91
936,542.0,215.0,5.8,OK,93.45,37.07
937,4186.0,919.0,919.1,OK,4.55,1.0
938,2641.0,2306.0,0.9,OK,2934.44,2562.22
939,1607.0,428.0,244.1,OK,6.58,1.75
940,9.0,3.0,3.3,OK,2.73,0.91
941,4810.0,533.0,537.3,OK,8.95,0.99
942,987.0,335.0,35.3,OK,27.96,9.49
943,1589.0,484.0,194.9,OK,8.15,2.48
944,1595.0,175.0,176.5,OK,9.04,0.99
945,2576.0,537.0,23.3,OK,110.56,23.05
946,8902.0,823.0,824.0,OK,10.8,1.0
947,5823.0,1584.0,57.7,OK,100.92,27.45
948,9.0,1.0,1.1,OK,8.18,0.91
949,923.0,261.0,83.8,OK,11.01,3.11
950,23.0,3.0,4.1,OK,5.61,0.73
951,3.0,2.0,2.1,OK,1.43,0.95
952,1755.0,379.0,83.1,OK,21.12,4.56
953,9103.0,1820.0,239.3,OK,38.04,7.61
954,4959.0,3027.0,1201.7,OK,4.13,2.52
955,31.0,6.0,6.7,OK,4.63,0.9
956,135.0,35.0,35.0,OK,3.86,1.0
957,0.0,1.0,1.1,OK,,0.91
958,3011.0,397.0,397.8,OK,7.57,1.0
959,119.0,36.0,35.8,OK,3.32,1.01
960,13.0,1.0,1.1,OK,11.82,0.91
961,752.0,352.0,1.0,OK,752.0,352.0
962,7008.0,410.0,414.6,OK,16.9,0.99
963,3707.0,1307.0,53.0,OK,69.94,24.66
964,2.0,1.0,2.0,OK,1.0,0.5
965,264.0,88.0,90.8,OK,2.91,0.97
966,3324.0,2101.0,146.0,OK,22.77,14.39
967,1216.0,438.0,12.8,OK,95.00,34.22
968,76.0,2.0,68.5,OK,1.11,0.03
969,13.0,1.0,1.4,OK,9.29,0.71
970,1.0,1.0,1.1,OK,0.91,0.91
971,1918.0,230.0,229.4,OK,8.36,1.0
972,5895.0,1795.0,235.4,OK,25.04,7.63
973,157.0,106.0,108.4,OK,1.45,0.98
974,2.0,2.0,2.5,OK,0.8,0.8
975,4252.0,2524.0,167.0,OK,25.46,15.11
976,807.0,239.0,111.4,OK,7.24,2.15
977,3406.0,878.0,575.7,OK,5.92,1.53
978,0.0,1.0,1.2,OK,,0.83
979,31.0,12.0,13.9,OK,2.23,0.86
980,171.0,138.0,138.5,OK,1.23,1.0
981,31.0,16.0,17.6,OK,1.76,0.91
982,6.0,4.0,4.3,OK,1.4,0.93
983,3665.0,275.0,285.5,OK,12.84,0.96
984,2779.0,1264.0,6.0,OK,463.17,210.67
985,73.0,51.0,50.5,OK,1.45,1.01
986,340.0,122.0,123.4,OK,2.76,0.99
987,71.0,41.0,41.8,OK,1.7,0.98
988,1.0,1.0,1.1,OK,0.91,0.91
989,3061.0,2310.0,537.4,OK,5.70,4.30
990,221.0,155.0,157.4,OK,1.4,0.98
991,37.0,14.0,15.0,OK,2.47,0.93
992,23.0,8.0,8.3,OK,2.77,0.96
993,6.0,5.0,5.1,OK,1.18,0.98
994,6410.0,2951.0,345.1,OK,18.57,8.55
995,2678.0,71.0,80.9,OK,33.1,0.88
996,458.0,117.0,117.9,OK,3.88,0.99
997,0.0,1.0,1.0,OK,,1.0
998,310.2,310.2,59.1,OK,5.25,5.25
999,0.7,0.7,0.8,OK,0.88,0.88
1000,14.4,14.4,9.5,OK,1.52,1.52
