problem_id,current_runtime_ms,estimated_speedup_range,estimated_time_saved_pct,confidence,bottleneck_class,notes
782,19509,2-4x,60,med,algorithmic,Sequential 100M complement-symmetry pass; atomic bitset overhead vs C byte array; parallelize symmetry pass
391,17044,2-4x,60,high,memory_bound,C uses global static arrays; Rust thread-local resizing; tune thread count vs L2/L3 cache
958,14733,2-4x,60,low,brute_force,Single-threaded exponential BFS/DFS; add rayon at top levels; iterative deepening + memoize
910,9112,10x+,90,high,algorithmic,C uses simple phi recursion (45 lines); Rust uses FxHashMap over 1.9M entries; port C approach
846,19254,1.5-2x,40,low,algorithmic,Exponential DFS cycle enumeration; already parallelized; tuning work decomposition limits
829,11685,2-4x,60,med,algorithmic,Single-threaded DFS; parallelize top-level prime enumeration with per-thread ShapeSystem
774,17424,1.5-2x,40,med,memory_bound,No parallelism; clone+alloc per MPS step; pre-allocate scratch buffers; add rayon across cores
513,9120,4-10x,75,med,algorithmic,C uses fundamentally different Mobius inversion; port O(sqrt(N)) pair approach
847,10271,2-4x,60,high,data_structure,HashMap -> FxHashMap; inner Vec allocs -> stack arrays; C uses flat open-addressing hash
962,9993,2-4x,60,med,alloc_churn,Vec per z and per v in inner loop; thread_local scratch buffers; SPF lookup vs trial division
681,14836,1.5-2x,40,med,brute_force,Uneven rayon workload from highly-composite numbers; per-divisor-pair strategy for heavy K
558,7490,4-10x,75,high,algorithmic,BigUint allocations dominate; parallelize outer j loop with rayon (independent)
937,6190,10x+,90,high,algorithmic,C uses trivial k%3!=2 formula; Rust has sophisticated sieve; verify and port C approach
536,8526,2-4x,60,med,algorithmic,Single-threaded recursion; parallelize root-level prime iteration with rayon
925,8132,2-4x,60,low,algorithmic,Digit-tree DFS with u128; parallelize 10 start-digit branches per length with rayon
941,7981,2-4x,60,med,parallelizable,10M serial rank_db calls; thread_local RankScratch + rayon par_iter
737,11891,1.5-2x,40,low,brute_force,Sequential coin placement; C uses fewer sqrts; no parallelism possible; needs math shortcut
932,6244,4-10x,75,high,brute_force,Single-threaded 10^8 iterations; embarrassingly parallel; precompute digit-length bands
735,11627,1.5-2x,40,med,parallelizable,Already parallelized; tune CHUNK size; fuse compute_inner sub-loops; isqrt_f overhead
971,5968,4-10x,75,high,mod_arith,u128->u64 in pow_mod (p<2^27); rayon over 1M qualifying primes; Vec->stack array
507,7398,2-4x,60,high,alloc_churn,Vec alloc per gauss() call (20M calls); use stack arrays + rayon over 20M iterations
421,5862,4-10x,75,high,mod_arith,u128->u64 pow_mod; rayon over 5.7M primes; embarrassingly parallel
693,7149,2-4x,60,high,alloc_churn,24MB used[] array zeroed per compute_g call; generation counter for O(1) clear
448,10663,1.5-2x,40,high,data_structure,HashMap -> FxHashMap; eliminate dyn Fn dispatch; u64 not i128 for mod arith
559,7090,2-4x,60,high,brute_force,O(N^2*H_N) DP; convolution structure may allow O(N log N); rayon over k values
540,6993,2-4x,60,med,parallelizable,Vec alloc in get_prime_factors -> stack array; rayon on m-loop
785,6963,2-4x,60,high,brute_force,Rayon on outer m-loop (trivially independent); each m is self-contained
606,10131,1.5-2x,40,high,mod_arith,"Unnecessary i128 in inner Lucy DP loops; MOD<2^30, products fit u64"
585,6709,2-4x,60,med,brute_force,Parallelize O(N log N) second-case sum; optimize is_sq in inner loop
557,5324,4-10x,75,high,brute_force,Rayon over outer a loop; zero shared state; textbook parallel case
715,9958,1.5-2x,40,high,memory_bound,ff: usize->u32 saves 400MB (800->400MB); parallelize big[i] fill
534,6556,2-4x,60,high,data_structure,HashMap -> FxHashMap for profile DP; pre-allocate across k iterations
657,6424,2-4x,60,high,mod_arith,Parallelize 10M pow[] init with rayon; i128->u64 in power_mod
445,6383,2-4x,60,high,mod_arith,i128->u64 in power_mod/mod_inv (MOD<2^30); precompute small p^e table
864,6379,2-4x,60,med,algorithmic,Rayon on Part B DFS; precompute squarefree sieve instead of trial division
946,8902,1.5-2x,40,med,mod_arith,10^8 iterations of i128 arithmetic; GCC __int128 faster than Rust software i128
769,5831,2-4x,60,med,brute_force,Rayon on g loop (independent iterations); float sqrt inner loop
437,5792,2-4x,60,med,parallelizable,Rayon over primes; u128->u64 in fib_pair (p<2^27)
873,5756,2-4x,60,high,mod_arith,Precompute inverse table (linear recurrence); i128->i64 (MOD<2^30)
427,8247,1.5-2x,40,med,algorithmic,O(N log N) mod-arith; precompute all fk in parallel then accumulate delta sequentially
433,5426,2-4x,60,med,algorithmic,Rayon over g; make extgcd iterative; both independent optimizations
691,8100,1.5-2x,40,med,memory_bound,O(n log^2 n) SA construction; switch to SA-IS O(n); C uses static arrays
931,8091,1.5-2x,40,med,algorithmic,Lucy DP O(N^(2/3)); eliminate get_idx branching with flat two-array layout
238,8034,1.5-2x,40,med,algorithmic,format!() alloc in hot loop -> arithmetic digit extraction; O(D^2) double loop
637,5285,2-4x,60,high,brute_force,Two independent compute_f calls; rayon within each 10M loop
708,7611,1.5-2x,40,med,algorithmic,Redundant sum_floor_quotients calls in DFS; parallelize independent subtrees
650,4960,2-4x,60,high,mod_arith,i128->u64 in power() (MOD<2^30); direct hot-path fix
543,7368,1.5-2x,40,med,memory_bound,"42 independent count_primes scans; sort queries, single linear scan instead"
415,7278,1.5-2x,40,med,algorithmic,"Lucy DP three passes fusible; incremental pow(2,g) instead of repeated mod_pow"
611,7122,1.5-2x,40,med,algorithmic,Lucy DP + DFS; precompute mod4 flags; reduce divisions in inner DFS loop
314,4746,2-4x,60,med,brute_force,MAX_STEP=15 vs C's 5; reducing step gives 9x fewer edges; verify correctness
655,7057,1.5-2x,40,med,memory_bound,10M-entry DP table; eliminate modulo in inner loop; track nonzero indices
797,7001,1.5-2x,40,med,mod_arith,Replace N pow_mod calls with linear inverse sieve; parallelize final sum
468,6791,1.5-2x,40,med,mod_arith,Already optimized u32 + unsafe; parallelize small-B phase per-B
642,6313,1.5-2x,40,med,algorithmic,Lucy sieve + DFS; parallelize DFS top-level iterations; tri_mod branch elimination
378,10061,1.2-1.5x,25,med,memory_bound,850MB working set; right_arr i64->i32 halves 480MB; free SPF before phase 2
972,5895,1.5-2x,40,med,data_structure,Already parallel with FxHashMap; GeoKey is large; separate map for diameter case
608,5833,1.5-2x,40,med,memory_bound,800MB+ working set; chunked sieve for cache friendliness; not compute-bound
947,5823,1.5-2x,40,med,alloc_churn,Reuse scratch Vecs; flat cache instead of HashMap; u64 in Mat2::mul_mod
953,9103,1.2-1.5x,25,low,parallelizable,Already well-parallelized; DFS load balance is the only remaining issue
459,5554,1.5-2x,40,med,memory_bound,Fuse mex+count loops to halve memory passes; O(N*sqrt(N)) is fundamental
592,5538,1.5-2x,40,med,brute_force,Parallelize f_vals block precomputation (27 independent blocks)
552,8468,1.2-1.5x,25,high,algorithmic,O(L^2) Garner CRT is fundamental; C identical; no structural improvement visible
501,5175,1.5-2x,40,med,memory_bound,pi_small Vec<i64>->Vec<u32> cuts 400MB; rayon on outer p loop
416,5054,1.5-2x,40,med,mod_arith,Parallel M1/M2 mat_pows (independent); deferred mod reduction
886,7967,1.2-1.5x,25,med,algorithmic,Memoized exponential search; C uses globals vs Rust Box<Ctx>; minimal opportunity
954,4959,1.5-2x,40,med,data_structure,FxHashMap digit-DP; C uses DFS-with-pruning without hash maps
583,4922,1.5-2x,40,med,algorithmic,Inner O(n^2) loop; C uses O(n) two-pointer; port sorted scan
461,7872,1.2-1.5x,25,high,alloc_churn,85M pair allocation + sort; par_sort_unstable could help sort phase
379,7827,1.2-1.5x,25,high,parallelizable,Already well-parallelized; nested rayon contention; run T inner loop sequentially
614,7281,1.2-1.5x,25,med,parallelizable,Already partially parallel; sequential Phase 2 dominates; transpose thread_temps
505,6874,1.2-1.5x,25,low,algorithmic,Inherently sequential recursive tree; C identical; minimal opportunity
417,6755,1.2-1.5x,25,low,parallelizable,Already parallel; u128->u64 in pow_mod_big for small primes
370,6739,1.2-1.5x,25,low,parallelizable,Already parallel; Vec->stack array in get_prime_factors inside closure
578,4654,1.5-2x,35,low,unknown,Not inspected; runtime suggests optimization possible
662,4632,1.5-2x,35,low,unknown,Not inspected; runtime suggests optimization possible
465,4586,1.5-2x,35,low,unknown,Not inspected; runtime suggests optimization possible
680,6372,1.2-1.5x,25,low,memory_bound,Implicit treap already optimized with raw pointers; convert recursion to explicit stack
786,4548,1.5-2x,35,low,unknown,Not inspected; runtime suggests optimization possible
799,4521,1.5-2x,35,low,unknown,Not inspected; runtime suggests optimization possible
712,4471,1.5-2x,35,low,unknown,Not inspected; runtime suggests optimization possible
763,4468,1.5-2x,35,low,unknown,Not inspected; runtime suggests optimization possible
654,4458,1.5-2x,35,low,unknown,Not inspected; runtime suggests optimization possible
660,4366,1.5-2x,35,low,unknown,Not inspected; runtime suggests optimization possible
730,4301,1.5-2x,35,low,unknown,Not inspected; runtime suggests optimization possible
975,4252,1.5-2x,35,low,unknown,Not inspected; runtime suggests optimization possible
929,4224,1.5-2x,35,low,unknown,Not inspected; runtime suggests optimization possible
337,4178,1.5-2x,35,low,unknown,Not inspected; runtime suggests optimization possible
521,5756,1.2-1.5x,25,high,memory_bound,Algorithm near-optimal O(N^(2/3)); minor inlining only
593,4031,1.5-2x,35,low,unknown,Not inspected; runtime suggests optimization possible
639,4017,1.5-2x,35,low,unknown,Not inspected; runtime suggests optimization possible
739,4005,1.5-2x,35,low,unknown,Not inspected; runtime suggests optimization possible
852,3975,1.5-2x,35,low,unknown,Not inspected; runtime suggests optimization possible
548,3949,1.5-2x,35,low,unknown,Not inspected; runtime suggests optimization possible
482,5435,1.2-1.5x,25,low,parallelizable,Already parallel; improve dedup with FxHashSet
928,5430,1.2-1.5x,25,med,parallelizable,Already parallel 125 tasks; tighten pruning bounds
351,3865,1.5-2x,35,low,unknown,Not inspected; runtime suggests optimization possible
867,5354,1.2-1.5x,25,med,algorithmic,Profile DP exponential in window; parallelize independent cache warmup
256,3804,1.5-2x,35,low,unknown,Not inspected; runtime suggests optimization possible
701,3787,1.5-2x,35,low,unknown,Not inspected; runtime suggests optimization possible
861,3781,1.5-2x,35,low,unknown,Not inspected; runtime suggests optimization possible
259,3753,1.5-2x,35,low,unknown,Not inspected; runtime suggests optimization possible
428,3732,1.5-2x,35,low,unknown,Not inspected; runtime suggests optimization possible
963,3707,1.5-2x,35,low,unknown,Not inspected; runtime suggests optimization possible
483,3696,1.5-2x,35,low,unknown,Not inspected; runtime suggests optimization possible
478,3672,1.5-2x,35,low,unknown,Not inspected; runtime suggests optimization possible
919,3672,1.5-2x,35,low,unknown,Not inspected; runtime suggests optimization possible
983,3665,1.5-2x,35,low,unknown,Not inspected; runtime suggests optimization possible
420,3633,1.5-2x,35,low,unknown,Not inspected; runtime suggests optimization possible
870,3619,1.5-2x,35,low,unknown,Not inspected; runtime suggests optimization possible
596,3607,1.5-2x,35,low,unknown,Not inspected; runtime suggests optimization possible
883,3589,1.5-2x,35,low,unknown,Not inspected; runtime suggests optimization possible
452,3585,1.5-2x,35,low,unknown,Not inspected; runtime suggests optimization possible
538,3538,1.5-2x,35,low,unknown,Not inspected; runtime suggests optimization possible
626,3495,1.5-2x,35,low,unknown,Not inspected; runtime suggests optimization possible
414,3491,1.5-2x,35,low,unknown,Not inspected; runtime suggests optimization possible
397,3462,1.5-2x,35,low,unknown,Not inspected; runtime suggests optimization possible
291,3439,1.5-2x,35,low,unknown,Not inspected; runtime suggests optimization possible
718,3407,1.5-2x,35,low,unknown,Not inspected; runtime suggests optimization possible
754,3406,1.5-2x,35,low,unknown,Not inspected; runtime suggests optimization possible
977,3406,1.5-2x,35,low,unknown,Not inspected; runtime suggests optimization possible
476,4755,1.2-1.5x,25,low,brute_force,Already parallelized and optimized; minor loop restructuring only
362,3390,1.5-2x,35,low,unknown,Not inspected; runtime suggests optimization possible
439,3364,1.5-2x,35,low,unknown,Not inspected; runtime suggests optimization possible
571,3362,1.5-2x,35,low,unknown,Not inspected; runtime suggests optimization possible
636,3362,1.5-2x,35,low,unknown,Not inspected; runtime suggests optimization possible
399,3344,1.5-2x,35,low,unknown,Not inspected; runtime suggests optimization possible
966,3324,1.5-2x,35,low,unknown,Not inspected; runtime suggests optimization possible
623,3321,1.5-2x,35,low,unknown,Not inspected; runtime suggests optimization possible
921,3294,1.5-2x,35,low,unknown,Not inspected; runtime suggests optimization possible
447,3284,1.5-2x,35,low,unknown,Not inspected; runtime suggests optimization possible
659,3204,1.5-2x,35,low,unknown,Not inspected; runtime suggests optimization possible
748,3196,1.5-2x,35,low,unknown,Not inspected; runtime suggests optimization possible
635,3183,1.5-2x,35,low,unknown,Not inspected; runtime suggests optimization possible
563,3144,1.5-2x,35,low,unknown,Not inspected; runtime suggests optimization possible
705,3143,1.5-2x,35,low,unknown,Not inspected; runtime suggests optimization possible
580,3121,1.5-2x,35,low,unknown,Not inspected; runtime suggests optimization possible
245,3079,1.5-2x,35,low,unknown,Not inspected; runtime suggests optimization possible
455,3029,1.5-2x,35,low,unknown,Not inspected; runtime suggests optimization possible
890,3005,1.5-2x,35,low,unknown,Not inspected; runtime suggests optimization possible
464,2995,1.2-1.5x,20,low,unknown,Moderate runtime; may benefit from minor optimizations
411,2977,1.2-1.5x,20,low,unknown,Moderate runtime; may benefit from minor optimizations
699,2973,1.2-1.5x,20,low,unknown,Moderate runtime; may benefit from minor optimizations
451,2960,1.2-1.5x,20,low,unknown,Moderate runtime; may benefit from minor optimizations
518,2873,1.2-1.5x,20,low,unknown,Moderate runtime; may benefit from minor optimizations
529,2838,1.2-1.5x,20,low,unknown,Moderate runtime; may benefit from minor optimizations
850,2837,1.2-1.5x,20,low,unknown,Moderate runtime; may benefit from minor optimizations
784,2807,1.2-1.5x,20,low,unknown,Moderate runtime; may benefit from minor optimizations
741,2803,1.2-1.5x,20,low,unknown,Moderate runtime; may benefit from minor optimizations
446,2797,1.2-1.5x,20,low,unknown,Moderate runtime; may benefit from minor optimizations
984,2779,1.2-1.5x,20,low,unknown,Moderate runtime; may benefit from minor optimizations
878,2762,1.2-1.5x,20,low,unknown,Moderate runtime; may benefit from minor optimizations
410,2747,1.2-1.5x,20,low,unknown,Moderate runtime; may benefit from minor optimizations
752,2744,1.2-1.5x,20,low,unknown,Moderate runtime; may benefit from minor optimizations
404,2694,1.2-1.5x,20,low,unknown,Moderate runtime; may benefit from minor optimizations
688,2691,1.2-1.5x,20,low,unknown,Moderate runtime; may benefit from minor optimizations
221,2643,1.2-1.5x,20,low,unknown,Moderate runtime; may benefit from minor optimizations
938,2641,1.2-1.5x,20,low,unknown,Moderate runtime; may benefit from minor optimizations
757,2639,1.2-1.5x,20,low,unknown,Moderate runtime; may benefit from minor optimizations
837,2638,1.2-1.5x,20,low,unknown,Moderate runtime; may benefit from minor optimizations
827,2626,1.2-1.5x,20,low,unknown,Moderate runtime; may benefit from minor optimizations
945,2576,1.2-1.5x,20,low,unknown,Moderate runtime; may benefit from minor optimizations
484,2571,1.2-1.5x,20,low,unknown,Moderate runtime; may benefit from minor optimizations
586,2568,1.2-1.5x,20,low,unknown,Moderate runtime; may benefit from minor optimizations
714,2556,1.2-1.5x,20,low,unknown,Moderate runtime; may benefit from minor optimizations
643,2496,1.2-1.5x,20,low,unknown,Moderate runtime; may benefit from minor optimizations
824,2487,1.2-1.5x,20,low,unknown,Moderate runtime; may benefit from minor optimizations
229,2484,1.2-1.5x,20,low,unknown,Moderate runtime; may benefit from minor optimizations
933,2468,1.2-1.5x,20,low,unknown,Moderate runtime; may benefit from minor optimizations
589,2464,1.2-1.5x,20,low,unknown,Moderate runtime; may benefit from minor optimizations
810,2459,1.2-1.5x,20,low,unknown,Moderate runtime; may benefit from minor optimizations
927,2447,1.2-1.5x,20,low,unknown,Moderate runtime; may benefit from minor optimizations
531,2445,1.2-1.5x,20,low,unknown,Moderate runtime; may benefit from minor optimizations
729,2444,1.2-1.5x,20,low,unknown,Moderate runtime; may benefit from minor optimizations
869,2415,1.2-1.5x,20,low,unknown,Moderate runtime; may benefit from minor optimizations
625,2409,1.2-1.5x,20,low,unknown,Moderate runtime; may benefit from minor optimizations
526,2394,1.2-1.5x,20,low,unknown,Moderate runtime; may benefit from minor optimizations
486,2313,1.2-1.5x,20,low,unknown,Moderate runtime; may benefit from minor optimizations
263,2307,1.2-1.5x,20,low,unknown,Moderate runtime; may benefit from minor optimizations
743,2305,1.2-1.5x,20,low,unknown,Moderate runtime; may benefit from minor optimizations
632,2277,1.2-1.5x,20,low,unknown,Moderate runtime; may benefit from minor optimizations
338,2262,1.2-1.5x,20,low,unknown,Moderate runtime; may benefit from minor optimizations
628,2192,1.2-1.5x,20,low,unknown,Moderate runtime; may benefit from minor optimizations
331,2187,1.2-1.5x,20,low,unknown,Moderate runtime; may benefit from minor optimizations
564,2090,1.2-1.5x,20,low,unknown,Moderate runtime; may benefit from minor optimizations
615,2089,1.2-1.5x,20,low,unknown,Moderate runtime; may benefit from minor optimizations
576,2081,1.2-1.5x,20,low,unknown,Moderate runtime; may benefit from minor optimizations
533,2073,1.2-1.5x,20,low,unknown,Moderate runtime; may benefit from minor optimizations
544,2061,1.2-1.5x,20,low,unknown,Moderate runtime; may benefit from minor optimizations
798,2056,1.2-1.5x,20,low,unknown,Moderate runtime; may benefit from minor optimizations
485,2052,1.2-1.5x,20,low,unknown,Moderate runtime; may benefit from minor optimizations
492,2044,1.2-1.5x,20,low,unknown,Moderate runtime; may benefit from minor optimizations
630,2041,1.2-1.5x,20,low,unknown,Moderate runtime; may benefit from minor optimizations
893,2040,1.2-1.5x,20,low,unknown,Moderate runtime; may benefit from minor optimizations
780,2038,1.2-1.5x,20,low,unknown,Moderate runtime; may benefit from minor optimizations
275,2018,1.2-1.5x,20,low,unknown,Moderate runtime; may benefit from minor optimizations
357,2014,1.2-1.5x,20,low,unknown,Moderate runtime; may benefit from minor optimizations
766,2012,1.2-1.5x,20,low,unknown,Moderate runtime; may benefit from minor optimizations
413,2003,1.2-1.5x,20,low,unknown,Moderate runtime; may benefit from minor optimizations
672,2000,1.2-1.5x,20,low,unknown,Moderate runtime; may benefit from minor optimizations
801,1977,1.2-1.5x,20,low,unknown,Moderate runtime; may benefit from minor optimizations
251,1949,1.2-1.5x,20,low,unknown,Moderate runtime; may benefit from minor optimizations
470,1915,1.2-1.5x,20,low,unknown,Moderate runtime; may benefit from minor optimizations
401,1910,1.2-1.5x,20,low,unknown,Moderate runtime; may benefit from minor optimizations
772,1889,1.2-1.5x,20,low,unknown,Moderate runtime; may benefit from minor optimizations
609,1885,1.2-1.5x,20,low,unknown,Moderate runtime; may benefit from minor optimizations
733,1877,1.2-1.5x,20,low,unknown,Moderate runtime; may benefit from minor optimizations
423,1827,1.2-1.5x,20,low,unknown,Moderate runtime; may benefit from minor optimizations
569,1800,1.2-1.5x,20,low,unknown,Moderate runtime; may benefit from minor optimizations
320,1794,1.2-1.5x,20,low,unknown,Moderate runtime; may benefit from minor optimizations
424,1779,1.2-1.5x,20,low,unknown,Moderate runtime; may benefit from minor optimizations
354,1774,1.2-1.5x,20,low,unknown,Moderate runtime; may benefit from minor optimizations
675,1767,1.2-1.5x,20,low,unknown,Moderate runtime; may benefit from minor optimizations
952,1755,1.2-1.5x,20,low,unknown,Moderate runtime; may benefit from minor optimizations
738,1716,1.2-1.5x,20,low,unknown,Moderate runtime; may benefit from minor optimizations
584,1706,1.2-1.5x,20,low,unknown,Moderate runtime; may benefit from minor optimizations
570,1704,1.2-1.5x,20,low,unknown,Moderate runtime; may benefit from minor optimizations
477,1703,1.2-1.5x,20,low,unknown,Moderate runtime; may benefit from minor optimizations
820,1643,1.2-1.5x,20,low,unknown,Moderate runtime; may benefit from minor optimizations
545,1642,1.2-1.5x,20,low,unknown,Moderate runtime; may benefit from minor optimizations
828,1638,1.2-1.5x,20,low,unknown,Moderate runtime; may benefit from minor optimizations
311,1608,1.2-1.5x,20,low,unknown,Moderate runtime; may benefit from minor optimizations
939,1607,1.2-1.5x,20,low,unknown,Moderate runtime; may benefit from minor optimizations
818,1604,1.2-1.5x,20,low,unknown,Moderate runtime; may benefit from minor optimizations
944,1595,1.2-1.5x,20,low,unknown,Moderate runtime; may benefit from minor optimizations
381,1593,1.2-1.5x,20,low,unknown,Moderate runtime; may benefit from minor optimizations
943,1589,1.2-1.5x,20,low,unknown,Moderate runtime; may benefit from minor optimizations
386,1581,1.2-1.5x,20,low,unknown,Moderate runtime; may benefit from minor optimizations
432,1580,1.2-1.5x,20,low,unknown,Moderate runtime; may benefit from minor optimizations
658,1579,1.2-1.5x,20,low,unknown,Moderate runtime; may benefit from minor optimizations
621,1569,1.2-1.5x,20,low,unknown,Moderate runtime; may benefit from minor optimizations
747,1553,1.2-1.5x,20,low,unknown,Moderate runtime; may benefit from minor optimizations
502,1547,1.2-1.5x,20,low,unknown,Moderate runtime; may benefit from minor optimizations
823,1536,1.2-1.5x,20,low,unknown,Moderate runtime; may benefit from minor optimizations
283,1530,1.2-1.5x,20,low,unknown,Moderate runtime; may benefit from minor optimizations
789,1527,1.2-1.5x,20,low,unknown,Moderate runtime; may benefit from minor optimizations
450,1521,1.2-1.5x,20,low,unknown,Moderate runtime; may benefit from minor optimizations
530,1459,1.2-1.5x,20,low,unknown,Moderate runtime; may benefit from minor optimizations
296,1454,1.2-1.5x,20,low,unknown,Moderate runtime; may benefit from minor optimizations
644,1447,1.2-1.5x,20,low,unknown,Moderate runtime; may benefit from minor optimizations
678,1436,1.2-1.5x,20,low,unknown,Moderate runtime; may benefit from minor optimizations
292,1414,1.2-1.5x,20,low,unknown,Moderate runtime; may benefit from minor optimizations
815,1400,1.2-1.5x,20,low,unknown,Moderate runtime; may benefit from minor optimizations
602,1360,1.2-1.5x,20,low,unknown,Moderate runtime; may benefit from minor optimizations
542,1359,1.2-1.5x,20,low,unknown,Moderate runtime; may benefit from minor optimizations
279,1352,1.2-1.5x,20,low,unknown,Moderate runtime; may benefit from minor optimizations
717,1350,1.2-1.5x,20,low,unknown,Moderate runtime; may benefit from minor optimizations
709,1348,1.2-1.5x,20,low,unknown,Moderate runtime; may benefit from minor optimizations
756,1342,1.2-1.5x,20,low,unknown,Moderate runtime; may benefit from minor optimizations
854,1342,1.2-1.5x,20,low,unknown,Moderate runtime; may benefit from minor optimizations
554,1339,1.2-1.5x,20,low,unknown,Moderate runtime; may benefit from minor optimizations
443,1265,1.2-1.5x,20,low,unknown,Moderate runtime; may benefit from minor optimizations
373,1248,1.2-1.5x,20,low,unknown,Moderate runtime; may benefit from minor optimizations
967,1216,1.2-1.5x,20,low,unknown,Moderate runtime; may benefit from minor optimizations
781,1198,1.2-1.5x,20,low,unknown,Moderate runtime; may benefit from minor optimizations
840,1195,1.2-1.5x,20,low,unknown,Moderate runtime; may benefit from minor optimizations
454,1186,1.2-1.5x,20,low,unknown,Moderate runtime; may benefit from minor optimizations
494,1180,1.2-1.5x,20,low,unknown,Moderate runtime; may benefit from minor optimizations
908,1173,1.2-1.5x,20,low,unknown,Moderate runtime; may benefit from minor optimizations
466,1150,1.2-1.5x,20,low,unknown,Moderate runtime; may benefit from minor optimizations
336,1149,1.2-1.5x,20,low,unknown,Moderate runtime; may benefit from minor optimizations
319,1114,1.2-1.5x,20,low,unknown,Moderate runtime; may benefit from minor optimizations
930,1099,1.2-1.5x,20,low,unknown,Moderate runtime; may benefit from minor optimizations
556,1087,1.2-1.5x,20,low,unknown,Moderate runtime; may benefit from minor optimizations
880,1070,1.2-1.5x,20,low,unknown,Moderate runtime; may benefit from minor optimizations
522,1063,1.2-1.5x,20,low,unknown,Moderate runtime; may benefit from minor optimizations
322,1058,1.2-1.5x,20,low,unknown,Moderate runtime; may benefit from minor optimizations
663,1018,1.2-1.5x,20,low,unknown,Moderate runtime; may benefit from minor optimizations
457,1011,1.2-1.5x,20,low,unknown,Moderate runtime; may benefit from minor optimizations
891,1011,1.2-1.5x,20,low,unknown,Moderate runtime; may benefit from minor optimizations
648,1005,1.2-1.5x,20,low,unknown,Moderate runtime; may benefit from minor optimizations
677,1005,1.2-1.5x,20,low,unknown,Moderate runtime; may benefit from minor optimizations
1,2,1x,0,n/a,none,Fast enough (<1s)
2,1,1x,0,n/a,none,Fast enough (<1s)
3,1,1x,0,n/a,none,Fast enough (<1s)
4,2,1x,0,n/a,none,Fast enough (<1s)
5,1,1x,0,n/a,none,Fast enough (<1s)
6,1,1x,0,n/a,none,Fast enough (<1s)
7,2,1x,0,n/a,none,Fast enough (<1s)
8,1,1x,0,n/a,none,Fast enough (<1s)
9,1,1x,0,n/a,none,Fast enough (<1s)
10,8,1x,0,n/a,none,Fast enough (<1s)
11,2,1x,0,n/a,none,Fast enough (<1s)
12,13,1x,0,n/a,none,Fast enough (<1s)
13,2,1x,0,n/a,none,Fast enough (<1s)
14,14,1x,0,n/a,none,Fast enough (<1s)
15,1,1x,0,n/a,none,Fast enough (<1s)
16,1,1x,0,n/a,none,Fast enough (<1s)
17,1,1x,0,n/a,none,Fast enough (<1s)
18,1,1x,0,n/a,none,Fast enough (<1s)
19,2,1x,0,n/a,none,Fast enough (<1s)
20,1,1x,0,n/a,none,Fast enough (<1s)
21,2,1x,0,n/a,none,Fast enough (<1s)
22,2,1x,0,n/a,none,Fast enough (<1s)
23,8,1x,0,n/a,none,Fast enough (<1s)
24,1,1x,0,n/a,none,Fast enough (<1s)
25,1,1x,0,n/a,none,Fast enough (<1s)
26,2,1x,0,n/a,none,Fast enough (<1s)
27,13,1x,0,n/a,none,Fast enough (<1s)
28,2,1x,0,n/a,none,Fast enough (<1s)
29,3,1x,0,n/a,none,Fast enough (<1s)
30,3,1x,0,n/a,none,Fast enough (<1s)
31,1,1x,0,n/a,none,Fast enough (<1s)
32,3,1x,0,n/a,none,Fast enough (<1s)
33,1,1x,0,n/a,none,Fast enough (<1s)
34,17,1x,0,n/a,none,Fast enough (<1s)
35,5,1x,0,n/a,none,Fast enough (<1s)
36,24,1x,0,n/a,none,Fast enough (<1s)
37,42,1x,0,n/a,none,Fast enough (<1s)
38,2,1x,0,n/a,none,Fast enough (<1s)
39,2,1x,0,n/a,none,Fast enough (<1s)
40,5,1x,0,n/a,none,Fast enough (<1s)
41,1,1x,0,n/a,none,Fast enough (<1s)
42,2,1x,0,n/a,none,Fast enough (<1s)
43,15,1x,0,n/a,none,Fast enough (<1s)
44,39,1x,0,n/a,none,Fast enough (<1s)
45,2,1x,0,n/a,none,Fast enough (<1s)
46,2,1x,0,n/a,none,Fast enough (<1s)
47,2,1x,0,n/a,none,Fast enough (<1s)
48,2,1x,0,n/a,none,Fast enough (<1s)
49,5,1x,0,n/a,none,Fast enough (<1s)
50,8,1x,0,n/a,none,Fast enough (<1s)
51,5,1x,0,n/a,none,Fast enough (<1s)
52,16,1x,0,n/a,none,Fast enough (<1s)
53,1,1x,0,n/a,none,Fast enough (<1s)
54,2,1x,0,n/a,none,Fast enough (<1s)
55,16,1x,0,n/a,none,Fast enough (<1s)
56,7,1x,0,n/a,none,Fast enough (<1s)
57,6,1x,0,n/a,none,Fast enough (<1s)
58,63,1x,0,n/a,none,Fast enough (<1s)
59,7,1x,0,n/a,none,Fast enough (<1s)
60,132,1x,0,n/a,none,Fast enough (<1s)
61,9,1x,0,n/a,none,Fast enough (<1s)
62,4,1x,0,n/a,none,Fast enough (<1s)
63,2,1x,0,n/a,none,Fast enough (<1s)
64,6,1x,0,n/a,none,Fast enough (<1s)
65,1,1x,0,n/a,none,Fast enough (<1s)
66,3,1x,0,n/a,none,Fast enough (<1s)
67,1,1x,0,n/a,none,Fast enough (<1s)
68,149,1x,0,n/a,none,Fast enough (<1s)
69,10,1x,0,n/a,none,Fast enough (<1s)
70,5,1x,0,n/a,none,Fast enough (<1s)
71,3,1x,0,n/a,none,Fast enough (<1s)
72,23,1x,0,n/a,none,Fast enough (<1s)
73,408,1x,0,n/a,none,Fast enough (<1s)
74,30,1x,0,n/a,none,Fast enough (<1s)
75,9,1x,0,n/a,none,Fast enough (<1s)
76,1,1x,0,n/a,none,Fast enough (<1s)
77,2,1x,0,n/a,none,Fast enough (<1s)
78,17,1x,0,n/a,none,Fast enough (<1s)
79,1,1x,0,n/a,none,Fast enough (<1s)
80,2,1x,0,n/a,none,Fast enough (<1s)
81,2,1x,0,n/a,none,Fast enough (<1s)
82,1,1x,0,n/a,none,Fast enough (<1s)
83,2,1x,0,n/a,none,Fast enough (<1s)
84,65,1x,0,n/a,none,Fast enough (<1s)
85,2,1x,0,n/a,none,Fast enough (<1s)
86,10,1x,0,n/a,none,Fast enough (<1s)
87,43,1x,0,n/a,none,Fast enough (<1s)
88,4,1x,0,n/a,none,Fast enough (<1s)
89,2,1x,0,n/a,none,Fast enough (<1s)
90,2,1x,0,n/a,none,Fast enough (<1s)
91,1,1x,0,n/a,none,Fast enough (<1s)
92,63,1x,0,n/a,none,Fast enough (<1s)
93,25,1x,0,n/a,none,Fast enough (<1s)
94,1,1x,0,n/a,none,Fast enough (<1s)
95,126,1x,0,n/a,none,Fast enough (<1s)
96,87,1x,0,n/a,none,Fast enough (<1s)
97,1,1x,0,n/a,none,Fast enough (<1s)
98,44,1x,0,n/a,none,Fast enough (<1s)
99,2,1x,0,n/a,none,Fast enough (<1s)
100,0,1x,0,n/a,none,Fast enough (<1s)
101,0,1x,0,n/a,none,Fast enough (<1s)
102,0,1x,0,n/a,none,Fast enough (<1s)
103,0,1x,0,n/a,none,Fast enough (<1s)
104,0,1x,0,n/a,none,Fast enough (<1s)
105,0,1x,0,n/a,none,Fast enough (<1s)
106,0,1x,0,n/a,none,Fast enough (<1s)
107,0,1x,0,n/a,none,Fast enough (<1s)
108,0,1x,0,n/a,none,Fast enough (<1s)
109,0,1x,0,n/a,none,Fast enough (<1s)
110,0,1x,0,n/a,none,Fast enough (<1s)
111,0,1x,0,n/a,none,Fast enough (<1s)
112,0,1x,0,n/a,none,Fast enough (<1s)
113,0,1x,0,n/a,none,Fast enough (<1s)
114,0,1x,0,n/a,none,Fast enough (<1s)
115,0,1x,0,n/a,none,Fast enough (<1s)
116,0,1x,0,n/a,none,Fast enough (<1s)
117,0,1x,0,n/a,none,Fast enough (<1s)
118,0,1x,0,n/a,none,Fast enough (<1s)
119,0,1x,0,n/a,none,Fast enough (<1s)
120,0,1x,0,n/a,none,Fast enough (<1s)
121,0,1x,0,n/a,none,Fast enough (<1s)
122,0,1x,0,n/a,none,Fast enough (<1s)
123,0,1x,0,n/a,none,Fast enough (<1s)
124,0,1x,0,n/a,none,Fast enough (<1s)
125,0,1x,0,n/a,none,Fast enough (<1s)
126,0,1x,0,n/a,none,Fast enough (<1s)
127,0,1x,0,n/a,none,Fast enough (<1s)
128,0,1x,0,n/a,none,Fast enough (<1s)
129,0,1x,0,n/a,none,Fast enough (<1s)
130,0,1x,0,n/a,none,Fast enough (<1s)
131,0,1x,0,n/a,none,Fast enough (<1s)
132,0,1x,0,n/a,none,Fast enough (<1s)
133,0,1x,0,n/a,none,Fast enough (<1s)
134,0,1x,0,n/a,none,Fast enough (<1s)
135,0,1x,0,n/a,none,Fast enough (<1s)
136,0,1x,0,n/a,none,Fast enough (<1s)
137,0,1x,0,n/a,none,Fast enough (<1s)
138,0,1x,0,n/a,none,Fast enough (<1s)
139,0,1x,0,n/a,none,Fast enough (<1s)
140,0,1x,0,n/a,none,Fast enough (<1s)
141,0,1x,0,n/a,none,Fast enough (<1s)
142,0,1x,0,n/a,none,Fast enough (<1s)
143,0,1x,0,n/a,none,Fast enough (<1s)
144,0,1x,0,n/a,none,Fast enough (<1s)
145,0,1x,0,n/a,none,Fast enough (<1s)
146,0,1x,0,n/a,none,Fast enough (<1s)
147,0,1x,0,n/a,none,Fast enough (<1s)
148,0,1x,0,n/a,none,Fast enough (<1s)
149,0,1x,0,n/a,none,Fast enough (<1s)
150,0,1x,0,n/a,none,Fast enough (<1s)
151,0,1x,0,n/a,none,Fast enough (<1s)
152,0,1x,0,n/a,none,Fast enough (<1s)
153,0,1x,0,n/a,none,Fast enough (<1s)
154,0,1x,0,n/a,none,Fast enough (<1s)
155,0,1x,0,n/a,none,Fast enough (<1s)
156,0,1x,0,n/a,none,Fast enough (<1s)
157,0,1x,0,n/a,none,Fast enough (<1s)
158,0,1x,0,n/a,none,Fast enough (<1s)
159,0,1x,0,n/a,none,Fast enough (<1s)
160,0,1x,0,n/a,none,Fast enough (<1s)
161,0,1x,0,n/a,none,Fast enough (<1s)
162,0,1x,0,n/a,none,Fast enough (<1s)
163,0,1x,0,n/a,none,Fast enough (<1s)
164,0,1x,0,n/a,none,Fast enough (<1s)
165,0,1x,0,n/a,none,Fast enough (<1s)
166,0,1x,0,n/a,none,Fast enough (<1s)
167,0,1x,0,n/a,none,Fast enough (<1s)
168,0,1x,0,n/a,none,Fast enough (<1s)
169,0,1x,0,n/a,none,Fast enough (<1s)
170,0,1x,0,n/a,none,Fast enough (<1s)
171,0,1x,0,n/a,none,Fast enough (<1s)
172,0,1x,0,n/a,none,Fast enough (<1s)
173,0,1x,0,n/a,none,Fast enough (<1s)
174,0,1x,0,n/a,none,Fast enough (<1s)
175,1,1x,0,n/a,none,Fast enough (<1s)
176,0,1x,0,n/a,none,Fast enough (<1s)
177,0,1x,0,n/a,none,Fast enough (<1s)
178,0,1x,0,n/a,none,Fast enough (<1s)
179,0,1x,0,n/a,none,Fast enough (<1s)
180,0,1x,0,n/a,none,Fast enough (<1s)
181,0,1x,0,n/a,none,Fast enough (<1s)
182,0,1x,0,n/a,none,Fast enough (<1s)
183,0,1x,0,n/a,none,Fast enough (<1s)
184,0,1x,0,n/a,none,Fast enough (<1s)
185,0,1x,0,n/a,none,Fast enough (<1s)
186,0,1x,0,n/a,none,Fast enough (<1s)
187,0,1x,0,n/a,none,Fast enough (<1s)
188,0,1x,0,n/a,none,Fast enough (<1s)
189,0,1x,0,n/a,none,Fast enough (<1s)
190,0,1x,0,n/a,none,Fast enough (<1s)
191,0,1x,0,n/a,none,Fast enough (<1s)
192,0,1x,0,n/a,none,Fast enough (<1s)
193,0,1x,0,n/a,none,Fast enough (<1s)
194,0,1x,0,n/a,none,Fast enough (<1s)
195,0,1x,0,n/a,none,Fast enough (<1s)
196,0,1x,0,n/a,none,Fast enough (<1s)
197,0,1x,0,n/a,none,Fast enough (<1s)
198,0,1x,0,n/a,none,Fast enough (<1s)
199,0,1x,0,n/a,none,Fast enough (<1s)
200,0,1x,0,n/a,none,Fast enough (<1s)
201,0,1x,0,n/a,none,Fast enough (<1s)
202,0,1x,0,n/a,none,Fast enough (<1s)
203,0,1x,0,n/a,none,Fast enough (<1s)
204,0,1x,0,n/a,none,Fast enough (<1s)
205,0,1x,0,n/a,none,Fast enough (<1s)
206,0,1x,0,n/a,none,Fast enough (<1s)
207,0,1x,0,n/a,none,Fast enough (<1s)
208,0,1x,0,n/a,none,Fast enough (<1s)
209,0,1x,0,n/a,none,Fast enough (<1s)
210,0,1x,0,n/a,none,Fast enough (<1s)
211,0,1x,0,n/a,none,Fast enough (<1s)
212,0,1x,0,n/a,none,Fast enough (<1s)
213,0,1x,0,n/a,none,Fast enough (<1s)
214,0,1x,0,n/a,none,Fast enough (<1s)
215,0,1x,0,n/a,none,Fast enough (<1s)
216,0,1x,0,n/a,none,Fast enough (<1s)
217,0,1x,0,n/a,none,Fast enough (<1s)
218,0,1x,0,n/a,none,Fast enough (<1s)
219,0,1x,0,n/a,none,Fast enough (<1s)
220,1,1x,0,n/a,none,Fast enough (<1s)
222,10,1x,0,n/a,none,Fast enough (<1s)
223,453,1x,0,n/a,none,Fast enough (<1s)
224,44,1x,0,n/a,none,Fast enough (<1s)
225,35,1x,0,n/a,none,Fast enough (<1s)
226,2,1x,0,n/a,none,Fast enough (<1s)
227,29,1x,0,n/a,none,Fast enough (<1s)
228,2,1x,0,n/a,none,Fast enough (<1s)
230,10,1x,0,n/a,none,Fast enough (<1s)
231,922,1x,0,n/a,none,Fast enough (<1s)
232,10,1x,0,n/a,none,Fast enough (<1s)
233,225,1x,0,n/a,none,Fast enough (<1s)
234,23,1x,0,n/a,none,Fast enough (<1s)
235,2,1x,0,n/a,none,Fast enough (<1s)
236,99,1x,0,n/a,none,Fast enough (<1s)
237,2,1x,0,n/a,none,Fast enough (<1s)
239,10,1x,0,n/a,none,Fast enough (<1s)
240,12,1x,0,n/a,none,Fast enough (<1s)
241,25,1x,0,n/a,none,Fast enough (<1s)
242,1,1x,0,n/a,none,Fast enough (<1s)
243,1,1x,0,n/a,none,Fast enough (<1s)
244,14,1x,0,n/a,none,Fast enough (<1s)
246,10,1x,0,n/a,none,Fast enough (<1s)
247,74,1x,0,n/a,none,Fast enough (<1s)
248,136,1x,0,n/a,none,Fast enough (<1s)
249,592,1x,0,n/a,none,Fast enough (<1s)
250,171,1x,0,n/a,none,Fast enough (<1s)
252,179,1x,0,n/a,none,Fast enough (<1s)
253,10,1x,0,n/a,none,Fast enough (<1s)
254,54,1x,0,n/a,none,Fast enough (<1s)
255,944,1x,0,n/a,none,Fast enough (<1s)
257,333,1x,0,n/a,none,Fast enough (<1s)
258,58,1x,0,n/a,none,Fast enough (<1s)
260,389,1x,0,n/a,none,Fast enough (<1s)
261,70,1x,0,n/a,none,Fast enough (<1s)
262,141,1x,0,n/a,none,Fast enough (<1s)
264,86,1x,0,n/a,none,Fast enough (<1s)
265,2,1x,0,n/a,none,Fast enough (<1s)
266,870,1x,0,n/a,none,Fast enough (<1s)
267,10,1x,0,n/a,none,Fast enough (<1s)
268,293,1x,0,n/a,none,Fast enough (<1s)
269,36,1x,0,n/a,none,Fast enough (<1s)
270,6,1x,0,n/a,none,Fast enough (<1s)
271,3,1x,0,n/a,none,Fast enough (<1s)
272,391,1x,0,n/a,none,Fast enough (<1s)
273,331,1x,0,n/a,none,Fast enough (<1s)
274,100,1x,0,n/a,none,Fast enough (<1s)
276,354,1x,0,n/a,none,Fast enough (<1s)
277,10,1x,0,n/a,none,Fast enough (<1s)
278,2,1x,0,n/a,none,Fast enough (<1s)
280,244,1x,0,n/a,none,Fast enough (<1s)
281,10,1x,0,n/a,none,Fast enough (<1s)
282,1,1x,0,n/a,none,Fast enough (<1s)
284,769,1x,0,n/a,none,Fast enough (<1s)
285,12,1x,0,n/a,none,Fast enough (<1s)
286,2,1x,0,n/a,none,Fast enough (<1s)
287,683,1x,0,n/a,none,Fast enough (<1s)
288,45,1x,0,n/a,none,Fast enough (<1s)
289,7,1x,0,n/a,none,Fast enough (<1s)
290,20,1x,0,n/a,none,Fast enough (<1s)
293,98,1x,0,n/a,none,Fast enough (<1s)
294,15,1x,0,n/a,none,Fast enough (<1s)
295,99,1x,0,n/a,none,Fast enough (<1s)
297,10,1x,0,n/a,none,Fast enough (<1s)
298,39,1x,0,n/a,none,Fast enough (<1s)
299,909,1x,0,n/a,none,Fast enough (<1s)
300,268,1x,0,n/a,none,Fast enough (<1s)
301,10,1x,0,n/a,none,Fast enough (<1s)
302,588,1x,0,n/a,none,Fast enough (<1s)
303,263,1x,0,n/a,none,Fast enough (<1s)
304,601,1x,0,n/a,none,Fast enough (<1s)
305,17,1x,0,n/a,none,Fast enough (<1s)
306,11,1x,0,n/a,none,Fast enough (<1s)
307,1,1x,0,n/a,none,Fast enough (<1s)
308,141,1x,0,n/a,none,Fast enough (<1s)
309,959,1x,0,n/a,none,Fast enough (<1s)
310,143,1x,0,n/a,none,Fast enough (<1s)
312,0,1x,0,n/a,none,Fast enough (<1s)
313,5,1x,0,n/a,none,Fast enough (<1s)
315,109,1x,0,n/a,none,Fast enough (<1s)
316,111,1x,0,n/a,none,Fast enough (<1s)
317,2,1x,0,n/a,none,Fast enough (<1s)
318,3,1x,0,n/a,none,Fast enough (<1s)
321,0,1x,0,n/a,none,Fast enough (<1s)
323,1,1x,0,n/a,none,Fast enough (<1s)
324,333,1x,0,n/a,none,Fast enough (<1s)
325,1,1x,0,n/a,none,Fast enough (<1s)
326,71,1x,0,n/a,none,Fast enough (<1s)
327,0,1x,0,n/a,none,Fast enough (<1s)
328,3,1x,0,n/a,none,Fast enough (<1s)
329,0,1x,0,n/a,none,Fast enough (<1s)
330,1,1x,0,n/a,none,Fast enough (<1s)
332,667,1x,0,n/a,none,Fast enough (<1s)
333,209,1x,0,n/a,none,Fast enough (<1s)
334,0,1x,0,n/a,none,Fast enough (<1s)
335,0,1x,0,n/a,none,Fast enough (<1s)
339,970,1x,0,n/a,none,Fast enough (<1s)
340,0,1x,0,n/a,none,Fast enough (<1s)
341,54,1x,0,n/a,none,Fast enough (<1s)
342,4,1x,0,n/a,none,Fast enough (<1s)
343,402,1x,0,n/a,none,Fast enough (<1s)
344,853,1x,0,n/a,none,Fast enough (<1s)
345,2,1x,0,n/a,none,Fast enough (<1s)
346,59,1x,0,n/a,none,Fast enough (<1s)
347,66,1x,0,n/a,none,Fast enough (<1s)
348,243,1x,0,n/a,none,Fast enough (<1s)
349,1,1x,0,n/a,none,Fast enough (<1s)
350,79,1x,0,n/a,none,Fast enough (<1s)
352,284,1x,0,n/a,none,Fast enough (<1s)
353,514,1x,0,n/a,none,Fast enough (<1s)
355,16,1x,0,n/a,none,Fast enough (<1s)
356,1,1x,0,n/a,none,Fast enough (<1s)
358,0,1x,0,n/a,none,Fast enough (<1s)
359,58,1x,0,n/a,none,Fast enough (<1s)
360,811,1x,0,n/a,none,Fast enough (<1s)
361,1,1x,0,n/a,none,Fast enough (<1s)
363,10,1x,0,n/a,none,Fast enough (<1s)
364,144,1x,0,n/a,none,Fast enough (<1s)
365,535,1x,0,n/a,none,Fast enough (<1s)
366,1,1x,0,n/a,none,Fast enough (<1s)
367,6,1x,0,n/a,none,Fast enough (<1s)
368,72,1x,0,n/a,none,Fast enough (<1s)
369,552,1x,0,n/a,none,Fast enough (<1s)
371,0,1x,0,n/a,none,Fast enough (<1s)
372,339,1x,0,n/a,none,Fast enough (<1s)
374,700,1x,0,n/a,none,Fast enough (<1s)
375,477,1x,0,n/a,none,Fast enough (<1s)
376,26,1x,0,n/a,none,Fast enough (<1s)
377,30,1x,0,n/a,none,Fast enough (<1s)
380,6,1x,0,n/a,none,Fast enough (<1s)
382,1,1x,0,n/a,none,Fast enough (<1s)
383,1,1x,0,n/a,none,Fast enough (<1s)
384,12,1x,0,n/a,none,Fast enough (<1s)
385,5,1x,0,n/a,none,Fast enough (<1s)
387,452,1x,0,n/a,none,Fast enough (<1s)
388,352,1x,0,n/a,none,Fast enough (<1s)
389,0,1x,0,n/a,none,Fast enough (<1s)
390,101,1x,0,n/a,none,Fast enough (<1s)
392,1,1x,0,n/a,none,Fast enough (<1s)
393,25,1x,0,n/a,none,Fast enough (<1s)
394,1,1x,0,n/a,none,Fast enough (<1s)
395,1,1x,0,n/a,none,Fast enough (<1s)
396,5,1x,0,n/a,none,Fast enough (<1s)
398,525,1x,0,n/a,none,Fast enough (<1s)
400,207,1x,0,n/a,none,Fast enough (<1s)
402,134,1x,0,n/a,none,Fast enough (<1s)
403,81,1x,0,n/a,none,Fast enough (<1s)
405,0,1x,0,n/a,none,Fast enough (<1s)
406,120,1x,0,n/a,none,Fast enough (<1s)
407,923,1x,0,n/a,none,Fast enough (<1s)
408,933,1x,0,n/a,none,Fast enough (<1s)
409,46,1x,0,n/a,none,Fast enough (<1s)
412,19,1x,0,n/a,none,Fast enough (<1s)
418,564,1x,0,n/a,none,Fast enough (<1s)
419,49,1x,0,n/a,none,Fast enough (<1s)
422,10,1x,0,n/a,none,Fast enough (<1s)
425,266,1x,0,n/a,none,Fast enough (<1s)
426,234,1x,0,n/a,none,Fast enough (<1s)
429,452,1x,0,n/a,none,Fast enough (<1s)
430,156,1x,0,n/a,none,Fast enough (<1s)
431,21,1x,0,n/a,none,Fast enough (<1s)
434,662,1x,0,n/a,none,Fast enough (<1s)
435,14,1x,0,n/a,none,Fast enough (<1s)
436,1,1x,0,n/a,none,Fast enough (<1s)
438,378,1x,0,n/a,none,Fast enough (<1s)
440,422,1x,0,n/a,none,Fast enough (<1s)
441,454,1x,0,n/a,none,Fast enough (<1s)
442,24,1x,0,n/a,none,Fast enough (<1s)
444,9,1x,0,n/a,none,Fast enough (<1s)
449,10,1x,0,n/a,none,Fast enough (<1s)
453,100,1x,0,n/a,none,Fast enough (<1s)
456,779,1x,0,n/a,none,Fast enough (<1s)
458,10,1x,0,n/a,none,Fast enough (<1s)
460,256,1x,0,n/a,none,Fast enough (<1s)
462,12,1x,0,n/a,none,Fast enough (<1s)
463,2,1x,0,n/a,none,Fast enough (<1s)
467,450,1x,0,n/a,none,Fast enough (<1s)
469,10,1x,0,n/a,none,Fast enough (<1s)
471,3,1x,0,n/a,none,Fast enough (<1s)
472,1,1x,0,n/a,none,Fast enough (<1s)
473,2,1x,0,n/a,none,Fast enough (<1s)
474,7,1x,0,n/a,none,Fast enough (<1s)
475,696,1x,0,n/a,none,Fast enough (<1s)
479,150,1x,0,n/a,none,Fast enough (<1s)
480,55,1x,0,n/a,none,Fast enough (<1s)
481,70,1x,0,n/a,none,Fast enough (<1s)
487,522,1x,0,n/a,none,Fast enough (<1s)
488,9,1x,0,n/a,none,Fast enough (<1s)
489,296,1x,0,n/a,none,Fast enough (<1s)
490,197,1x,0,n/a,none,Fast enough (<1s)
491,11,1x,0,n/a,none,Fast enough (<1s)
493,10,1x,0,n/a,none,Fast enough (<1s)
495,584,1x,0,n/a,none,Fast enough (<1s)
496,41,1x,0,n/a,none,Fast enough (<1s)
497,5,1x,0,n/a,none,Fast enough (<1s)
498,2,1x,0,n/a,none,Fast enough (<1s)
499,1,1x,0,n/a,none,Fast enough (<1s)
500,68,1x,0,n/a,none,Fast enough (<1s)
503,27,1x,0,n/a,none,Fast enough (<1s)
504,134,1x,0,n/a,none,Fast enough (<1s)
506,12,1x,0,n/a,none,Fast enough (<1s)
508,16,1x,0,n/a,none,Fast enough (<1s)
509,2,1x,0,n/a,none,Fast enough (<1s)
510,56,1x,0,n/a,none,Fast enough (<1s)
511,731,1x,0,n/a,none,Fast enough (<1s)
512,213,1x,0,n/a,none,Fast enough (<1s)
514,89,1x,0,n/a,none,Fast enough (<1s)
515,156,1x,0,n/a,none,Fast enough (<1s)
516,115,1x,0,n/a,none,Fast enough (<1s)
517,261,1x,0,n/a,none,Fast enough (<1s)
519,71,1x,0,n/a,none,Fast enough (<1s)
520,56,1x,0,n/a,none,Fast enough (<1s)
523,9,1x,0,n/a,none,Fast enough (<1s)
524,3,1x,0,n/a,none,Fast enough (<1s)
525,165,1x,0,n/a,none,Fast enough (<1s)
527,3,1x,0,n/a,none,Fast enough (<1s)
528,18,1x,0,n/a,none,Fast enough (<1s)
532,13,1x,0,n/a,none,Fast enough (<1s)
535,231,1x,0,n/a,none,Fast enough (<1s)
537,524,1x,0,n/a,none,Fast enough (<1s)
539,3,1x,0,n/a,none,Fast enough (<1s)
541,204,1x,0,n/a,none,Fast enough (<1s)
546,20,1x,0,n/a,none,Fast enough (<1s)
547,17,1x,0,n/a,none,Fast enough (<1s)
549,31,1x,0,n/a,none,Fast enough (<1s)
550,970,1x,0,n/a,none,Fast enough (<1s)
551,6,1x,0,n/a,none,Fast enough (<1s)
553,836,1x,0,n/a,none,Fast enough (<1s)
555,24,1x,0,n/a,none,Fast enough (<1s)
560,748,1x,0,n/a,none,Fast enough (<1s)
561,13,1x,0,n/a,none,Fast enough (<1s)
562,372,1x,0,n/a,none,Fast enough (<1s)
565,997,1x,0,n/a,none,Fast enough (<1s)
566,376,1x,0,n/a,none,Fast enough (<1s)
567,517,1x,0,n/a,none,Fast enough (<1s)
568,13,1x,0,n/a,none,Fast enough (<1s)
572,343,1x,0,n/a,none,Fast enough (<1s)
573,56,1x,0,n/a,none,Fast enough (<1s)
574,67,1x,0,n/a,none,Fast enough (<1s)
575,6,1x,0,n/a,none,Fast enough (<1s)
577,12,1x,0,n/a,none,Fast enough (<1s)
579,165,1x,0,n/a,none,Fast enough (<1s)
581,791,1x,0,n/a,none,Fast enough (<1s)
582,8,1x,0,n/a,none,Fast enough (<1s)
587,13,1x,0,n/a,none,Fast enough (<1s)
588,5,1x,0,n/a,none,Fast enough (<1s)
590,382,1x,0,n/a,none,Fast enough (<1s)
591,81,1x,0,n/a,none,Fast enough (<1s)
594,53,1x,0,n/a,none,Fast enough (<1s)
595,5,1x,0,n/a,none,Fast enough (<1s)
597,133,1x,0,n/a,none,Fast enough (<1s)
598,69,1x,0,n/a,none,Fast enough (<1s)
599,4,1x,0,n/a,none,Fast enough (<1s)
600,12,1x,0,n/a,none,Fast enough (<1s)
601,4,1x,0,n/a,none,Fast enough (<1s)
603,378,1x,0,n/a,none,Fast enough (<1s)
604,192,1x,0,n/a,none,Fast enough (<1s)
605,12,1x,0,n/a,none,Fast enough (<1s)
607,12,1x,0,n/a,none,Fast enough (<1s)
610,5,1x,0,n/a,none,Fast enough (<1s)
612,28,1x,0,n/a,none,Fast enough (<1s)
613,4,1x,0,n/a,none,Fast enough (<1s)
616,83,1x,0,n/a,none,Fast enough (<1s)
617,117,1x,0,n/a,none,Fast enough (<1s)
618,204,1x,0,n/a,none,Fast enough (<1s)
619,16,1x,0,n/a,none,Fast enough (<1s)
620,455,1x,0,n/a,none,Fast enough (<1s)
622,47,1x,0,n/a,none,Fast enough (<1s)
624,12,1x,0,n/a,none,Fast enough (<1s)
627,13,1x,0,n/a,none,Fast enough (<1s)
629,77,1x,0,n/a,none,Fast enough (<1s)
631,27,1x,0,n/a,none,Fast enough (<1s)
633,29,1x,0,n/a,none,Fast enough (<1s)
634,96,1x,0,n/a,none,Fast enough (<1s)
638,633,1x,0,n/a,none,Fast enough (<1s)
640,232,1x,0,n/a,none,Fast enough (<1s)
641,87,1x,0,n/a,none,Fast enough (<1s)
645,12,1x,0,n/a,none,Fast enough (<1s)
646,879,1x,0,n/a,none,Fast enough (<1s)
647,752,1x,0,n/a,none,Fast enough (<1s)
649,15,1x,0,n/a,none,Fast enough (<1s)
651,89,1x,0,n/a,none,Fast enough (<1s)
652,45,1x,0,n/a,none,Fast enough (<1s)
653,34,1x,0,n/a,none,Fast enough (<1s)
656,16,1x,0,n/a,none,Fast enough (<1s)
661,35,1x,0,n/a,none,Fast enough (<1s)
664,94,1x,0,n/a,none,Fast enough (<1s)
665,865,1x,0,n/a,none,Fast enough (<1s)
666,14,1x,0,n/a,none,Fast enough (<1s)
667,6,1x,0,n/a,none,Fast enough (<1s)
668,130,1x,0,n/a,none,Fast enough (<1s)
669,2,1x,0,n/a,none,Fast enough (<1s)
670,7,1x,0,n/a,none,Fast enough (<1s)
671,525,1x,0,n/a,none,Fast enough (<1s)
673,4,1x,0,n/a,none,Fast enough (<1s)
674,340,1x,0,n/a,none,Fast enough (<1s)
676,57,1x,0,n/a,none,Fast enough (<1s)
679,14,1x,0,n/a,none,Fast enough (<1s)
682,18,1x,0,n/a,none,Fast enough (<1s)
683,16,1x,0,n/a,none,Fast enough (<1s)
684,5,1x,0,n/a,none,Fast enough (<1s)
685,24,1x,0,n/a,none,Fast enough (<1s)
686,689,1x,0,n/a,none,Fast enough (<1s)
687,45,1x,0,n/a,none,Fast enough (<1s)
689,56,1x,0,n/a,none,Fast enough (<1s)
690,537,1x,0,n/a,none,Fast enough (<1s)
692,12,1x,0,n/a,none,Fast enough (<1s)
694,180,1x,0,n/a,none,Fast enough (<1s)
695,13,1x,0,n/a,none,Fast enough (<1s)
696,90,1x,0,n/a,none,Fast enough (<1s)
697,132,1x,0,n/a,none,Fast enough (<1s)
698,5,1x,0,n/a,none,Fast enough (<1s)
700,232,1x,0,n/a,none,Fast enough (<1s)
702,15,1x,0,n/a,none,Fast enough (<1s)
703,196,1x,0,n/a,none,Fast enough (<1s)
704,15,1x,0,n/a,none,Fast enough (<1s)
706,9,1x,0,n/a,none,Fast enough (<1s)
707,31,1x,0,n/a,none,Fast enough (<1s)
710,101,1x,0,n/a,none,Fast enough (<1s)
711,178,1x,0,n/a,none,Fast enough (<1s)
713,47,1x,0,n/a,none,Fast enough (<1s)
716,33,1x,0,n/a,none,Fast enough (<1s)
719,329,1x,0,n/a,none,Fast enough (<1s)
720,948,1x,0,n/a,none,Fast enough (<1s)
721,658,1x,0,n/a,none,Fast enough (<1s)
722,13,1x,0,n/a,none,Fast enough (<1s)
723,34,1x,0,n/a,none,Fast enough (<1s)
724,207,1x,0,n/a,none,Fast enough (<1s)
725,12,1x,0,n/a,none,Fast enough (<1s)
726,692,1x,0,n/a,none,Fast enough (<1s)
727,16,1x,0,n/a,none,Fast enough (<1s)
728,865,1x,0,n/a,none,Fast enough (<1s)
731,13,1x,0,n/a,none,Fast enough (<1s)
732,783,1x,0,n/a,none,Fast enough (<1s)
734,374,1x,0,n/a,none,Fast enough (<1s)
736,13,1x,0,n/a,none,Fast enough (<1s)
740,31,1x,0,n/a,none,Fast enough (<1s)
742,303,1x,0,n/a,none,Fast enough (<1s)
744,12,1x,0,n/a,none,Fast enough (<1s)
745,212,1x,0,n/a,none,Fast enough (<1s)
746,522,1x,0,n/a,none,Fast enough (<1s)
749,217,1x,0,n/a,none,Fast enough (<1s)
750,412,1x,0,n/a,none,Fast enough (<1s)
751,12,1x,0,n/a,none,Fast enough (<1s)
753,59,1x,0,n/a,none,Fast enough (<1s)
755,2,1x,0,n/a,none,Fast enough (<1s)
758,476,1x,0,n/a,none,Fast enough (<1s)
759,17,1x,0,n/a,none,Fast enough (<1s)
760,4,1x,0,n/a,none,Fast enough (<1s)
761,4,1x,0,n/a,none,Fast enough (<1s)
762,5,1x,0,n/a,none,Fast enough (<1s)
764,17,1x,0,n/a,none,Fast enough (<1s)
765,4,1x,0,n/a,none,Fast enough (<1s)
767,516,1x,0,n/a,none,Fast enough (<1s)
768,23,1x,0,n/a,none,Fast enough (<1s)
770,13,1x,0,n/a,none,Fast enough (<1s)
771,13,1x,0,n/a,none,Fast enough (<1s)
773,13,1x,0,n/a,none,Fast enough (<1s)
775,796,1x,0,n/a,none,Fast enough (<1s)
776,14,1x,0,n/a,none,Fast enough (<1s)
777,125,1x,0,n/a,none,Fast enough (<1s)
778,13,1x,0,n/a,none,Fast enough (<1s)
779,4,1x,0,n/a,none,Fast enough (<1s)
783,21,1x,0,n/a,none,Fast enough (<1s)
787,199,1x,0,n/a,none,Fast enough (<1s)
788,122,1x,0,n/a,none,Fast enough (<1s)
790,571,1x,0,n/a,none,Fast enough (<1s)
791,342,1x,0,n/a,none,Fast enough (<1s)
792,703,1x,0,n/a,none,Fast enough (<1s)
793,366,1x,0,n/a,none,Fast enough (<1s)
794,67,1x,0,n/a,none,Fast enough (<1s)
795,553,1x,0,n/a,none,Fast enough (<1s)
796,283,1x,0,n/a,none,Fast enough (<1s)
800,257,1x,0,n/a,none,Fast enough (<1s)
802,352,1x,0,n/a,none,Fast enough (<1s)
803,366,1x,0,n/a,none,Fast enough (<1s)
804,249,1x,0,n/a,none,Fast enough (<1s)
805,686,1x,0,n/a,none,Fast enough (<1s)
806,209,1x,0,n/a,none,Fast enough (<1s)
807,1,1x,0,n/a,none,Fast enough (<1s)
808,705,1x,0,n/a,none,Fast enough (<1s)
809,12,1x,0,n/a,none,Fast enough (<1s)
811,12,1x,0,n/a,none,Fast enough (<1s)
812,53,1x,0,n/a,none,Fast enough (<1s)
813,5,1x,0,n/a,none,Fast enough (<1s)
814,652,1x,0,n/a,none,Fast enough (<1s)
816,146,1x,0,n/a,none,Fast enough (<1s)
817,202,1x,0,n/a,none,Fast enough (<1s)
819,4,1x,0,n/a,none,Fast enough (<1s)
821,12,1x,0,n/a,none,Fast enough (<1s)
822,83,1x,0,n/a,none,Fast enough (<1s)
825,131,1x,0,n/a,none,Fast enough (<1s)
826,7,1x,0,n/a,none,Fast enough (<1s)
830,72,1x,0,n/a,none,Fast enough (<1s)
831,0,1x,0,n/a,none,Fast enough (<1s)
832,0,1x,0,n/a,none,Fast enough (<1s)
833,112,1x,0,n/a,none,Fast enough (<1s)
834,268,1x,0,n/a,none,Fast enough (<1s)
835,12,1x,0,n/a,none,Fast enough (<1s)
836,5,1x,0,n/a,none,Fast enough (<1s)
838,12,1x,0,n/a,none,Fast enough (<1s)
839,458,1x,0,n/a,none,Fast enough (<1s)
841,319,1x,0,n/a,none,Fast enough (<1s)
842,937,1x,0,n/a,none,Fast enough (<1s)
843,43,1x,0,n/a,none,Fast enough (<1s)
844,97,1x,0,n/a,none,Fast enough (<1s)
845,2,1x,0,n/a,none,Fast enough (<1s)
848,12,1x,0,n/a,none,Fast enough (<1s)
849,996,1x,0,n/a,none,Fast enough (<1s)
851,383,1x,0,n/a,none,Fast enough (<1s)
853,16,1x,0,n/a,none,Fast enough (<1s)
855,13,1x,0,n/a,none,Fast enough (<1s)
856,4,1x,0,n/a,none,Fast enough (<1s)
857,428,1x,0,n/a,none,Fast enough (<1s)
858,87,1x,0,n/a,none,Fast enough (<1s)
859,173,1x,0,n/a,none,Fast enough (<1s)
860,133,1x,0,n/a,none,Fast enough (<1s)
862,17,1x,0,n/a,none,Fast enough (<1s)
863,68,1x,0,n/a,none,Fast enough (<1s)
865,68,1x,0,n/a,none,Fast enough (<1s)
866,13,1x,0,n/a,none,Fast enough (<1s)
868,13,1x,0,n/a,none,Fast enough (<1s)
871,364,1x,0,n/a,none,Fast enough (<1s)
872,4,1x,0,n/a,none,Fast enough (<1s)
874,22,1x,0,n/a,none,Fast enough (<1s)
875,403,1x,0,n/a,none,Fast enough (<1s)
876,72,1x,0,n/a,none,Fast enough (<1s)
877,3,1x,0,n/a,none,Fast enough (<1s)
879,45,1x,0,n/a,none,Fast enough (<1s)
881,33,1x,0,n/a,none,Fast enough (<1s)
882,16,1x,0,n/a,none,Fast enough (<1s)
884,179,1x,0,n/a,none,Fast enough (<1s)
885,193,1x,0,n/a,none,Fast enough (<1s)
887,13,1x,0,n/a,none,Fast enough (<1s)
888,477,1x,0,n/a,none,Fast enough (<1s)
889,1,1x,0,n/a,none,Fast enough (<1s)
892,204,1x,0,n/a,none,Fast enough (<1s)
894,2,1x,0,n/a,none,Fast enough (<1s)
895,188,1x,0,n/a,none,Fast enough (<1s)
896,41,1x,0,n/a,none,Fast enough (<1s)
897,33,1x,0,n/a,none,Fast enough (<1s)
898,273,1x,0,n/a,none,Fast enough (<1s)
899,1,1x,0,n/a,none,Fast enough (<1s)
900,1,1x,0,n/a,none,Fast enough (<1s)
901,5,1x,0,n/a,none,Fast enough (<1s)
902,576,1x,0,n/a,none,Fast enough (<1s)
903,178,1x,0,n/a,none,Fast enough (<1s)
904,325,1x,0,n/a,none,Fast enough (<1s)
905,4,1x,0,n/a,none,Fast enough (<1s)
906,234,1x,0,n/a,none,Fast enough (<1s)
907,112,1x,0,n/a,none,Fast enough (<1s)
909,2,1x,0,n/a,none,Fast enough (<1s)
911,76,1x,0,n/a,none,Fast enough (<1s)
912,2,1x,0,n/a,none,Fast enough (<1s)
913,77,1x,0,n/a,none,Fast enough (<1s)
914,402,1x,0,n/a,none,Fast enough (<1s)
915,34,1x,0,n/a,none,Fast enough (<1s)
916,618,1x,0,n/a,none,Fast enough (<1s)
917,626,1x,0,n/a,none,Fast enough (<1s)
918,10,1x,0,n/a,none,Fast enough (<1s)
920,54,1x,0,n/a,none,Fast enough (<1s)
922,113,1x,0,n/a,none,Fast enough (<1s)
923,139,1x,0,n/a,none,Fast enough (<1s)
924,464,1x,0,n/a,none,Fast enough (<1s)
926,299,1x,0,n/a,none,Fast enough (<1s)
934,187,1x,0,n/a,none,Fast enough (<1s)
935,17,1x,0,n/a,none,Fast enough (<1s)
936,542,1x,0,n/a,none,Fast enough (<1s)
940,9,1x,0,n/a,none,Fast enough (<1s)
942,987,1x,0,n/a,none,Fast enough (<1s)
948,9,1x,0,n/a,none,Fast enough (<1s)
949,923,1x,0,n/a,none,Fast enough (<1s)
950,23,1x,0,n/a,none,Fast enough (<1s)
951,3,1x,0,n/a,none,Fast enough (<1s)
955,31,1x,0,n/a,none,Fast enough (<1s)
956,135,1x,0,n/a,none,Fast enough (<1s)
957,0,1x,0,n/a,none,Fast enough (<1s)
959,119,1x,0,n/a,none,Fast enough (<1s)
960,13,1x,0,n/a,none,Fast enough (<1s)
961,752,1x,0,n/a,none,Fast enough (<1s)
964,2,1x,0,n/a,none,Fast enough (<1s)
965,264,1x,0,n/a,none,Fast enough (<1s)
968,76,1x,0,n/a,none,Fast enough (<1s)
969,13,1x,0,n/a,none,Fast enough (<1s)
970,1,1x,0,n/a,none,Fast enough (<1s)
973,157,1x,0,n/a,none,Fast enough (<1s)
974,2,1x,0,n/a,none,Fast enough (<1s)
976,807,1x,0,n/a,none,Fast enough (<1s)
978,0,1x,0,n/a,none,Fast enough (<1s)
979,31,1x,0,n/a,none,Fast enough (<1s)
980,171,1x,0,n/a,none,Fast enough (<1s)
981,31,1x,0,n/a,none,Fast enough (<1s)
982,6,1x,0,n/a,none,Fast enough (<1s)
