problem,c_status,c_time_ms,c_answer,rust_status,rust_time_ms,rust_answer,ratio_rust_div_c,faster
1,OK,3,233168,OK,2,233168,0.67,Rust
2,OK,3,4613732,OK,1,4613732,0.33,Rust
3,OK,3,6857,OK,1,6857,0.33,Rust
4,OK,3,906609,OK,2,906609,0.67,Rust
5,OK,3,232792560,OK,1,232792560,0.33,Rust
6,OK,3,25164150,OK,1,25164150,0.33,Rust
7,OK,22,104743,OK,2,104743,0.09,Rust
8,OK,3,23514624000,OK,1,23514624000,0.33,Rust
9,OK,3,31875000,OK,1,31875000,0.33,Rust
10,OK,8,142913828922,OK,8,142913828922,1.00,~tied
11,OK,3,70600674,OK,2,70600674,0.67,Rust
12,OK,162,76576500,OK,13,76576500,0.08,Rust
13,OK,3,5537376230,OK,2,5537376230,0.67,Rust
14,OK,18,837799,OK,14,837799,0.78,~tied
15,OK,3,137846528820,OK,1,137846528820,0.33,Rust
16,OK,3,1366,OK,1,1366,0.33,Rust
17,OK,3,21124,OK,1,21124,0.33,Rust
18,OK,3,1074,OK,1,1074,0.33,Rust
19,OK,2,171,OK,2,171,1.00,~tied
20,OK,2,648,OK,1,648,0.50,Rust
21,OK,3,31626,OK,2,31626,0.67,Rust
22,OK,6,871198282,OK,2,871198282,0.33,Rust
23,OK,9,4179871,OK,8,4179871,0.89,~tied
24,OK,3,2783915460,OK,1,2783915460,0.33,Rust
25,OK,4,4782,OK,1,4782,0.25,Rust
26,OK,3,983,OK,2,983,0.67,Rust
27,OK,14,-59231,OK,13,-59231,0.93,~tied
28,OK,2,669171001,OK,2,669171001,1.00,~tied
29,OK,4,9183,OK,3,9183,0.75,~tied
30,OK,4,443839,OK,3,443839,0.75,~tied
31,OK,2,73682,OK,1,73682,0.50,Rust
32,OK,7,45228,OK,3,45228,0.43,Rust
33,OK,2,100,OK,1,100,0.50,Rust
34,OK,18,40730,OK,17,40730,0.94,~tied
35,OK,7,55,OK,5,55,0.71,~tied
36,OK,45,872187,OK,24,872187,0.53,Rust
37,OK,53,748317,OK,42,748317,0.79,~tied
38,OK,4,932718654,OK,2,932718654,0.50,Rust
39,OK,3,840,OK,2,840,0.67,Rust
40,OK,3,210,OK,5,210,1.67,C
41,OK,3,7652413,OK,1,7652413,0.33,Rust
42,OK,4,162,OK,2,162,0.50,Rust
43,OK,33,16695334890,OK,15,16695334890,0.45,Rust
44,OK,14,5482660,OK,39,5482660,2.79,C
45,OK,3,1533776805,OK,2,1533776805,0.67,Rust
46,OK,3,5777,OK,2,5777,0.67,Rust
47,OK,30,134043,OK,2,134043,0.07,Rust
48,OK,3,9110846700,OK,2,9110846700,0.67,Rust
49,OK,43,296962999629,OK,5,296962999629,0.12,Rust
50,OK,7,997651,OK,8,997651,1.14,~tied
51,OK,5,121313,OK,5,121313,1.00,~tied
52,OK,25,142857,OK,16,142857,0.64,Rust
53,OK,3,4075,OK,1,4075,0.33,Rust
54,OK,12,376,OK,2,376,0.17,Rust
55,OK,5,249,OK,16,249,3.20,C
56,OK,80,972,OK,7,972,0.09,Rust
57,OK,5,153,OK,6,153,1.20,~tied
58,OK,275,26241,OK,63,26241,0.23,Rust
59,OK,8,129448,OK,7,129448,0.88,~tied
60,OK,328,26033,OK,132,26033,0.40,Rust
61,OK,3,28684,OK,9,28684,3.00,C
62,OK,7,127035954683,OK,4,127035954683,0.57,Rust
63,OK,4,49,OK,2,49,0.50,Rust
64,OK,7,1322,OK,6,1322,0.86,~tied
65,OK,3,272,OK,1,272,0.33,Rust
66,OK,6,661,OK,3,661,0.50,Rust
67,OK,3,7273,OK,1,7273,0.33,Rust
68,OK,106,6531031914842725,OK,149,6531031914842725,1.41,~tied
69,OK,3,510510,OK,10,510510,3.33,C
70,OK,7,8319823,OK,5,8319823,0.71,~tied
71,OK,3,428570,OK,3,428570,1.00,~tied
72,OK,59,303963552391,OK,23,303963552391,0.39,Rust
73,OK,737,7295372,OK,408,7295372,0.55,Rust
74,OK,18,402,OK,30,402,1.67,C
75,OK,14,161667,OK,9,161667,0.64,Rust
76,OK,3,190569291,OK,1,190569291,0.33,Rust
77,OK,3,71,OK,2,71,0.67,Rust
78,OK,15,55374,OK,17,55374,1.13,~tied
79,OK,3,73162890,OK,1,73162890,0.33,Rust
80,OK,248,40886,OK,2,40886,0.01,Rust
81,OK,4,427337,OK,2,427337,0.50,Rust
82,OK,3,260324,OK,1,260324,0.33,Rust
83,OK,3,425185,OK,2,425185,0.67,Rust
84,OK,97,101524,OK,65,101524,0.67,~tied
85,OK,3,2772,OK,2,2772,0.67,Rust
86,OK,8,1818,OK,10,1818,1.25,~tied
87,OK,78,1097343,OK,43,1097343,0.55,Rust
88,OK,5,7587457,OK,4,7587457,0.80,~tied
89,OK,3,743,OK,2,743,0.67,Rust
90,OK,6,1217,OK,2,1217,0.33,Rust
91,OK,3,14234,OK,1,14234,0.33,Rust
92,OK,81,8581146,OK,63,8581146,0.78,~tied
93,OK,13,1258,OK,25,1258,1.92,C
94,OK,4,518408346,OK,1,518408346,0.25,Rust
95,OK,132,14316,OK,126,14316,0.95,~tied
96,OK,118,24702,OK,87,24702,0.74,~tied
97,OK,3,8739992577,OK,1,8739992577,0.33,Rust
98,OK,63,18769,OK,44,18769,0.70,~tied
99,OK,5,709,OK,2,709,0.40,Rust
100,OK,3,756872327473,OK,0,,0.00,Rust
101,OK,3,37076114526,OK,0,,0.00,Rust
102,OK,3,228,OK,0,,0.00,Rust
103,OK,3,20313839404245,OK,0,,0.00,Rust
104,OK,29,329468,OK,0,,0.00,Rust
105,OK,30,73702,OK,0,,0.00,Rust
106,OK,4,21384,OK,0,,0.00,Rust
107,OK,3,259679,OK,0,,0.00,Rust
108,OK,3,180180,OK,0,,0.00,Rust
109,OK,3,38182,OK,0,,0.00,Rust
110,OK,3,9350130049860600,OK,0,,0.00,Rust
111,OK,4,612407567715,OK,0,,0.00,Rust
112,OK,23,1587000,OK,0,,0.00,Rust
113,OK,3,51161058134250,OK,0,,0.00,Rust
114,OK,3,16475640049,OK,0,,0.00,Rust
115,OK,3,168,OK,0,,0.00,Rust
116,OK,3,20492570929,OK,0,,0.00,Rust
117,OK,3,100808458960497,OK,0,,0.00,Rust
118,OK,177,44680,OK,0,,0.00,Rust
119,OK,3,248155780267521,OK,0,,0.00,Rust
120,OK,3,333082500,OK,0,,0.00,Rust
121,OK,3,2269,OK,0,,0.00,Rust
122,OK,146,1582,OK,0,,0.00,Rust
123,OK,4,21035,OK,0,,0.00,Rust
124,OK,9,21417,OK,0,,0.00,Rust
125,OK,120,2906969179,OK,0,,0.00,Rust
126,OK,6,18522,OK,0,,0.00,Rust
127,OK,568,18407904,OK,0,,0.00,Rust
128,OK,5,14516824220,OK,0,,0.00,Rust
129,OK,19,1000023,OK,0,,0.00,Rust
130,OK,56,149253,OK,0,,0.00,Rust
131,OK,3,173,OK,0,,0.00,Rust
132,OK,9,843296,OK,0,,0.00,Rust
133,OK,13,453647705,OK,0,,0.00,Rust
134,OK,22,18613426663617118,OK,0,,0.00,Rust
135,OK,9,4989,OK,0,,0.00,Rust
136,OK,1273,2544559,OK,0,,0.00,Rust
137,OK,3,1120149658760,OK,0,,0.00,Rust
138,OK,3,1118049290473932,OK,0,,0.00,Rust
139,OK,489,10057761,OK,0,,0.00,Rust
140,OK,3,5673835352990,OK,0,,0.00,Rust
141,OK,84,878454337159,OK,0,,0.00,Rust
142,OK,269,1006193,OK,0,,0.00,Rust
143,OK,24,30758397,OK,0,,0.00,Rust
144,OK,3,354,OK,0,,0.00,Rust
145,OK,159,608720,OK,0,,0.00,Rust
146,OK,821,676333270,OK,0,,0.00,Rust
147,OK,3,846910284,OK,0,,0.00,Rust
148,OK,3,2129970655314432,OK,0,,0.00,Rust
149,OK,79,52852124,OK,0,,0.00,Rust
150,OK,128,-271248680,OK,0,,0.00,Rust
151,OK,3,0.464399,OK,0,,0.00,Rust
152,OK,471,301,OK,0,,0.00,Rust
153,OK,3614,17971254122360635,OK,0,,0.00,Rust
154,OK,1451,479742450,OK,0,,0.00,Rust
155,OK,4142,3857447,OK,0,,0.00,Rust
156,OK,15,21295121502550,OK,0,,0.00,Rust
157,OK,3,53490,OK,0,,0.00,Rust
158,OK,3,409511334375,OK,0,,0.00,Rust
159,OK,32,14489159,OK,0,,0.00,Rust
160,OK,4,16576,OK,0,,0.00,Rust
161,OK,118,20574308184277971,OK,0,,0.00,Rust
162,OK,2,3D58725572C62302,OK,0,,0.00,Rust
163,OK,3,343047,OK,0,,0.00,Rust
164,OK,3,378158756814587,OK,0,,0.00,Rust
165,OK,1332,2868868,OK,0,,0.00,Rust
166,OK,176,7130034,OK,0,,0.00,Rust
167,OK,2396,3916160068885,OK,0,,0.00,Rust
168,OK,4,59206,OK,0,,0.00,Rust
169,OK,3,178653872807,OK,0,,0.00,Rust
170,OK,287,9857164023,OK,0,,0.00,Rust
171,OK,3,142989277,OK,0,,0.00,Rust
172,OK,67,227485267000992000,OK,0,,0.00,Rust
173,OK,2,1572729,OK,0,,0.00,Rust
174,OK,9,209566,OK,0,,0.00,Rust
175,OK,3,"1,13717420,8",OK,1,"1,13717420,8",0.33,Rust
176,OK,3,96818198400000,OK,0,,0.00,Rust
177,OK,195,129325,OK,0,,0.00,Rust
178,OK,3,126461847755,OK,0,,0.00,Rust
179,OK,233,986262,OK,0,,0.00,Rust
180,OK,163,285196020571078987,OK,0,,0.00,Rust
181,OK,3,83735848679360680,OK,0,,0.00,Rust
182,OK,671,399788195976,OK,0,,0.00,Rust
183,OK,5,48861552,OK,0,,0.00,Rust
184,OK,65,1725323624056,OK,0,,0.00,Rust
185,OK,62,4640261571849533,OK,0,,0.00,Rust
186,OK,142,2325629,OK,0,,0.00,Rust
187,OK,718,17427258,OK,0,,0.00,Rust
188,OK,3,95962097,OK,0,,0.00,Rust
189,OK,40,10834893628237824,OK,0,,0.00,Rust
190,OK,3,371048281,OK,0,,0.00,Rust
191,OK,3,1918080160,OK,0,,0.00,Rust
192,OK,61,57060635927998347,OK,0,,0.00,Rust
193,OK,488,684465067343069,OK,0,,0.00,Rust
194,OK,6,61190912,OK,0,,0.00,Rust
195,OK,1033,75085391,OK,0,,0.00,Rust
196,OK,762,322303240771079935,OK,0,,0.00,Rust
197,OK,3,1.710637717,OK,0,,0.00,Rust
198,OK,28,52374425,OK,0,,0.00,Rust
199,OK,3,0.00396087,OK,0,,0.00,Rust
200,OK,17,229161792008,OK,0,,0.00,Rust
201,OK,240,115039000,OK,0,,0.00,Rust
202,OK,3,1209002624,OK,0,,0.00,Rust
203,OK,3,34029210557338,OK,0,,0.00,Rust
204,OK,44,2944730,OK,0,,0.00,Rust
205,OK,3,0.5731441,OK,0,,0.00,Rust
206,OK,3,1389019170,OK,0,,0.00,Rust
207,OK,21,44043947822,OK,0,,0.00,Rust
208,OK,333,331951449665644800,OK,0,,0.00,Rust
209,OK,3,15964587728784,OK,0,,0.00,Rust
210,OK,172,1598174770174689458,OK,0,,0.00,Rust
211,OK,2640,1922364685,OK,0,,0.00,Rust
212,OK,512,328968937309,OK,0,,0.00,Rust
213,OK,23,330.721154,OK,0,,0.00,Rust
214,OK,2271,1677366278943,OK,0,,0.00,Rust
215,OK,20,806844323190414,OK,0,,0.00,Rust
216,OK,5194,5437849,OK,0,,0.00,Rust
217,OK,30,6273134,OK,0,,0.00,Rust
218,OK,4,0,OK,0,,0.00,Rust
219,OK,3,64564225042,OK,0,,0.00,Rust
220,OK,4,"139776,963904",OK,1,"139776,963904",0.25,Rust
221,OK,24074,1884161251122450,OK,2643,1884161251122450,0.11,Rust
222,OK,3,1590933,OK,10,1590933,3.33,C
223,OK,458,61614848,OK,453,61614848,0.99,~tied
224,OK,100,4137330,OK,44,4137330,0.44,Rust
225,OK,35,2009,OK,35,2009,1.00,~tied
226,OK,3,0.11316017,OK,2,0.11316017,0.67,Rust
227,OK,33,3780.618622,OK,29,3780.618622,0.88,~tied
228,OK,3,86226,OK,2,86226,0.67,Rust
229,OK,28533,11325263,OK,2484,11325263,0.09,Rust
230,OK,3,850481152593119296,OK,10,850481152593119296,3.33,C
231,OK,811,7526965179680,OK,922,7526965179680,1.14,~tied
232,OK,3,0.83648556,OK,10,0.83648556,3.33,C
233,OK,3500,271204031455541309,OK,225,271204031455541309,0.06,Rust
234,OK,14,1259187438574927161,OK,23,1259187438574927161,1.64,C
235,OK,3,1.002322108633,OK,2,1.002322108633,0.67,Rust
236,OK,230,123/59,OK,99,123/59,0.43,Rust
237,OK,3,15836928,OK,2,15836928,0.67,Rust
238,OK,12194,9922545104535661,OK,8034,9922545104535661,0.66,Rust
239,OK,3,0.001887854841,OK,10,0.001887854841,3.33,C
240,OK,22,7448717393364181966,OK,12,7448717393364181966,0.55,Rust
241,OK,30,482316491800641154,OK,25,482316491800641154,0.83,~tied
242,OK,3,997104142249036713,OK,1,997104142249036713,0.33,Rust
243,OK,3,892371480,OK,1,892371480,0.33,Rust
244,OK,24,96356848,OK,14,96356848,0.58,Rust
245,OK,4316,288084712410001,OK,3079,288084712410001,0.71,~tied
246,OK,3,810834388,OK,10,810834388,3.33,C
247,OK,143,782252,OK,74,782252,0.52,Rust
248,OK,107,23507044290,OK,136,23507044290,1.27,~tied
249,OK,426,9275262564250418,OK,592,9275262564250418,1.39,~tied
250,OK,148,1425480602091519,OK,171,1425480602091519,1.16,~tied
251,OK,2824,18946051,OK,1949,18946051,0.69,~tied
252,OK,196,104924.0,OK,179,104924.0,0.91,~tied
253,OK,3,11.492847,OK,10,11.492847,3.33,C
254,OK,177,8184523820510,OK,54,8184523820510,0.31,Rust
255,OK,1059,4.4474011180,OK,944,4.4474011180,0.89,~tied
256,OK,3999,85765680,OK,3804,85765680,0.95,~tied
257,OK,733,139012411,OK,333,139012411,0.45,Rust
258,OK,281,12747994,OK,245,12747994,0.87,~tied
259,OK,5317,20101196798,OK,3753,20101196798,0.71,~tied
260,OK,278,167542057,OK,389,167542057,1.40,~tied
261,OK,89,238890850232021,OK,70,238890850232021,0.79,~tied
262,OK,190,2531.205,OK,141,2531.205,0.74,~tied
263,OK,2518,2039506520,OK,2307,2039506520,0.92,~tied
264,OK,45,2816417.1055,OK,86,2816417.1055,1.91,C
265,OK,4,209110240768,OK,2,209110240768,0.50,Rust
266,OK,1126,1096883702440585,OK,870,1096883702440585,0.77,~tied
267,OK,4,0.999992836187,OK,10,0.999992836187,2.50,C
268,OK,481,785478606870985,OK,293,785478606870985,0.61,Rust
269,OK,74,1311109198529286,OK,36,1311109198529286,0.49,Rust
270,OK,8,82282080,OK,6,82282080,0.75,~tied
271,OK,4,4617456485273129588,OK,3,4617456485273129588,0.75,~tied
272,OK,373,8495585919506151122,OK,391,8495585919506151122,1.05,~tied
273,OK,326,2032447591196869022,OK,331,2032447591196869022,1.02,~tied
274,OK,125,1601912348822,OK,100,1601912348822,0.80,~tied
275,OK,8541,15030564,OK,2018,15030564,0.24,Rust
276,OK,931,5777137137739632912,OK,354,5777137137739632912,0.38,Rust
277,OK,3,1125977393124310,OK,10,1125977393124310,3.33,C
278,OK,3,1228215747273908452,OK,2,1228215747273908452,0.67,Rust
279,OK,2002,416577688,OK,1352,416577688,0.68,~tied
280,OK,255,430.088247,OK,244,430.088247,0.96,~tied
281,OK,3,1485776387445623,OK,10,1485776387445623,3.33,C
282,OK,3,1098988351,OK,1,1098988351,0.33,Rust
283,OK,7885,28038042525570324,OK,9649,28038042525570324,1.22,~tied
284,OK,744,5a411d7b,OK,769,5a411d7b,1.03,~tied
285,OK,4,157055.80999,OK,12,157055.80999,3.00,C
286,OK,3,52.6494571953,OK,2,52.6494571953,0.67,Rust
287,OK,708,313135496,OK,683,313135496,0.96,~tied
288,OK,38,605857431263981935,OK,45,605857431263981935,1.18,~tied
289,,0,,OK,7,6567944538,,Rust-only
290,OK,15,20444710234716473,OK,20,20444710234716473,1.33,~tied
291,OK,3721,4037526,OK,3439,4037526,0.92,~tied
292,OK,1994,3600060866,OK,1414,3600060866,0.71,~tied
293,OK,235,2209,OK,98,2209,0.42,Rust
294,OK,14,789184709,OK,15,789184709,1.07,~tied
295,OK,193,4884650818,OK,99,4884650818,0.51,Rust
296,OK,2187,1137208419,OK,1454,1137208419,0.66,Rust
297,OK,16,2252639041804718029,OK,10,2252639041804718029,0.62,Rust
298,OK,2460,1.76882294,OK,39,1.76882294,0.02,Rust
299,OK,2178,549936643,OK,909,549936643,0.42,Rust
300,OK,481,8.0540771484375,OK,268,8.0540771484375,0.56,Rust
301,OK,3,2178309,OK,10,2178309,3.33,C
302,OK,946,1170060,OK,419,1170060,0.44,Rust
303,OK,345,1111981904675169,OK,263,1111981904675169,0.76,~tied
304,OK,537,283988410192,OK,451,283988410192,0.84,~tied
305,OK,7,18174995535140,OK,17,18174995535140,2.43,C
306,OK,14,852938,OK,11,852938,0.79,~tied
307,OK,4,0.7311720251,OK,1,0.7311720251,0.25,Rust
308,OK,120000,1539669807660924,OK,141,1539669807660924,0.00,Rust
309,OK,963,210139,OK,959,210139,1.00,~tied
310,OK,135,2586528661783,OK,143,2586528661783,1.06,~tied
311,OK,2819,2466018557,OK,1608,2466018557,0.57,Rust
312,OK,3,324681947,OK,10,324681947,3.33,C
313,OK,7,2057774861813004,OK,5,2057774861813004,0.71,~tied
314,WRONG,2108,140.00000000,OK,9633,132.52756426,,Rust-only
315,OK,58,13625242,OK,132,13625242,2.28,C
316,OK,62,542934735751917735,OK,111,542934735751917735,1.79,C
317,OK,3,1856532.8455,OK,2,1856532.8455,0.67,Rust
318,OK,5,709313889,OK,3,709313889,0.60,Rust
319,OK,2333,268457129,OK,1076,268457129,0.46,Rust
320,OK,14742,278157919195482643,OK,14286,278157919195482643,0.97,~tied
321,OK,8,2470433131948040,OK,0,2470433131948040,0.00,Rust
322,OK,1051,999998760323313995,OK,1058,999998760323313995,1.01,~tied
323,OK,5,6.3551758451,OK,1,6.3551758451,0.20,Rust
324,OK,6138,96972774,OK,5541,96972774,0.90,~tied
325,OK,3,54672965,OK,1,54672965,0.33,Rust
326,OK,349,1966666166408794329,OK,71,1966666166408794329,0.20,Rust
327,OK,4,34315549139516,OK,0,34315549139516,0.00,Rust
328,OK,11,260511850222,OK,3,260511850222,0.27,Rust
329,OK,9,199740353/29386561536000,OK,0,199740353/29386561536000,0.00,Rust
330,WRONG,6,3386391,OK,1,15955822,,Rust-only
331,OK,2853,467178235146843549,OK,2187,467178235146843549,0.77,~tied
332,OK,1131,2717.751525,OK,667,2717.751525,0.59,Rust
333,OK,247,3053105,OK,209,3053105,0.85,~tied
334,OK,3,150320021261690835,OK,0,150320021261690835,0.00,Rust
335,OK,3,5032316,OK,0,5032316,0.00,Rust
336,OK,1114,CAGBIHEFJDK,OK,1149,CAGBIHEFJDK,1.03,~tied
337,OK,11478,85068035,OK,4855,85068035,0.42,Rust
338,OK,23352,15614292,OK,9059,15614292,0.39,Rust
339,OK,946,19823.542204,OK,970,19823.542204,1.03,~tied
340,OK,5,291504964,OK,0,291504964,0.00,Rust
341,OK,78,56098610614277014,OK,54,56098610614277014,0.69,~tied
342,OK,15,5943040885644,OK,4,5943040885644,0.27,Rust
343,OK,658,269533451410884183,OK,402,269533451410884183,0.61,Rust
344,OK,1195,65579304332,OK,793,65579304332,0.66,Rust
345,OK,3,13938,OK,2,13938,0.67,Rust
346,OK,126,336108797689259276,OK,59,336108797689259276,0.47,Rust
347,OK,178,11109800204052,OK,66,11109800204052,0.37,Rust
348,OK,314,1004195061,OK,243,1004195061,0.77,~tied
349,OK,3,115384615384614952,OK,1,115384615384614952,0.33,Rust
350,OK,124,84664213,OK,79,84664213,0.64,Rust
351,OK,9031,11762187201804552,OK,3865,11762187201804552,0.43,Rust
352,OK,283,378563.260589,OK,284,378563.260589,1.00,~tied
353,OK,4215,1.2759860331,OK,514,1.2759860331,0.12,Rust
354,OK,2306,58065134,OK,1774,58065134,0.77,~tied
355,OK,13,1726545007,OK,16,1726545007,1.23,~tied
356,OK,6,28010159,OK,0,28010159,0.00,Rust
357,OK,4615,1739023853137,OK,2014,1739023853137,0.44,Rust
358,OK,11483,3284144505,OK,11762,3284144505,1.02,~tied
359,OK,81,40632119,OK,58,40632119,0.72,~tied
360,OK,1683,878825614395267072,OK,811,878825614395267072,0.48,Rust
361,OK,39,178476944,OK,1,178476944,0.03,Rust
362,OK,5050,457895958010,OK,3390,457895958010,0.67,~tied
363,OK,27,0.0000372091,OK,10,0.0000372091,0.37,Rust
364,OK,85,44855254,OK,144,44855254,1.69,C
365,OK,6939,162619462356610313,OK,5263,162619462356610313,0.76,~tied
366,OK,6,88351299,OK,1,88351299,0.17,Rust
368,OK,118,253.6135092068,OK,72,253.6135092068,0.61,Rust
369,OK,588,862400558448,OK,552,862400558448,0.94,~tied
370,OK,13465,41791929448408,OK,5670,41791929448408,0.42,Rust
371,OK,3,40.66368097,OK,0,40.66368097,0.00,Rust
372,OK,370,301450082318807027,OK,339,301450082318807027,0.92,~tied
373,OK,1163,727227472448913,OK,1248,727227472448913,1.07,~tied
374,OK,1075,334420941,OK,700,334420941,0.65,Rust
375,OK,368,7435327983715286168,OK,477,7435327983715286168,1.30,~tied
376,OK,117,973059630185670,OK,26,973059630185670,0.22,Rust
377,OK,28,732385277,OK,30,732385277,1.07,~tied
378,OK,12797,147534623725724718,OK,10061,147534623725724718,0.79,~tied
379,OK,43573,132314136838185,OK,7827,132314136838185,0.18,Rust
381,OK,1837,139602943319822,OK,1593,139602943319822,0.87,~tied
383,OK,73,22173624649806,OK,1,22173624649806,0.01,Rust
384,OK,594,3354706415856332783,OK,12,3354706415856332783,0.02,Rust
386,OK,7719,528755790,OK,13901,528755790,1.80,C
387,OK,499,696067597313468,OK,452,696067597313468,0.91,~tied
388,OK,550,831907372805129931,OK,352,831907372805129931,0.64,Rust
389,OK,3,2406376.3623,OK,0,2406376.3623,0.00,Rust
390,OK,100444,2919133642971,OK,24231,2919133642971,0.24,Rust
391,OK,61414,61029882288,OK,25000,61029882288,0.41,Rust
392,OK,6,3.1486734435,OK,1,3.1486734435,0.17,Rust
393,OK,66,112398351350823112,OK,25,112398351350823112,0.38,Rust
394,OK,5,3.2370342194,OK,1,3.2370342194,0.20,Rust
395,OK,4,28.2453753155,OK,1,28.2453753155,0.25,Rust
396,OK,8,173214653,OK,5,173214653,0.62,Rust
397,OK,3395,141630459461893728,OK,3462,141630459461893728,1.02,~tied
398,OK,629,2010.59096,OK,525,2010.59096,0.83,~tied
399,OK,5583,"1508395636674243,6.5e27330467",OK,3344,"1508395636674243,6.5e27330467",0.60,Rust
400,OK,294,438505383468410633,OK,207,438505383468410633,0.70,~tied
401,OK,2397,281632621,OK,1910,281632621,0.80,~tied
402,OK,16,356019862,OK,134,356019862,8.38,C
403,OK,110,18224771,OK,81,18224771,0.74,~tied
404,OK,6431,1199215615081353,OK,2694,1199215615081353,0.42,Rust
405,OK,5,237696125,OK,0,237696125,0.00,Rust
406,OK,188,36813.12757207,OK,120,36813.12757207,0.64,Rust
407,OK,24333,39782849136421,OK,11792,39782849136421,0.48,Rust
408,OK,2064,299742733,OK,933,299742733,0.45,Rust
409,OK,377,253223948,OK,46,253223948,0.12,Rust
410,OK,5905,799999783589946560,OK,2747,799999783589946560,0.47,Rust
411,OK,10987,9936352,OK,2977,9936352,0.27,Rust
412,OK,28,38788800,OK,19,38788800,0.68,~tied
413,OK,4278,3079418648040719,OK,2003,3079418648040719,0.47,Rust
414,OK,4981,552506775824935461,OK,3491,552506775824935461,0.70,~tied
415,OK,14441,55859742,OK,7278,55859742,0.50,Rust
416,OK,6773,898082747,OK,5054,898082747,0.75,~tied
417,OK,25017,446572970925740,OK,20172,446572970925740,0.81,~tied
418,OK,395,1177163565297340320,OK,564,1177163565297340320,1.43,~tied
419,OK,54,"998567458,1046245404,43363922",OK,49,"998567458,1046245404,43363922",0.91,~tied
420,OK,3320,145159332,OK,3633,145159332,1.09,~tied
421,OK,3554,2304215802083466198,OK,5862,2304215802083466198,1.65,C
422,OK,3,92060460,OK,10,92060460,3.33,C
423,OK,2376,653972374,OK,1827,653972374,0.77,~tied
424,OK,1411,1059760019628,OK,1779,1059760019628,1.26,~tied
425,OK,203,46479497324,OK,266,46479497324,1.31,~tied
426,OK,188,31591886008,OK,234,31591886008,1.24,~tied
427,OK,9409,97138867,OK,8247,97138867,0.88,~tied
428,OK,7163,747215561862,OK,3732,747215561862,0.52,Rust
429,OK,276,98792821,OK,452,98792821,1.64,C
430,OK,428,5000624921.38,OK,156,5000624921.38,0.36,Rust
431,OK,13,23.386029052,OK,21,23.386029052,1.62,C
432,OK,2556,754862080,OK,1580,754862080,0.62,Rust
433,OK,10460,326624372659664,OK,5426,326624372659664,0.52,Rust
434,OK,640,863253606,OK,662,863253606,1.03,~tied
435,OK,14,252541322550,OK,14,252541322550,1.00,~tied
436,OK,3,0.5276662759,OK,1,0.5276662759,0.33,Rust
437,OK,6369,74204709657207,OK,5792,74204709657207,0.91,~tied
438,OK,272,2046409616809,OK,378,2046409616809,1.39,~tied
439,OK,16861,968697378,OK,10970,968697378,0.65,Rust
440,OK,468,970746056,OK,422,970746056,0.90,~tied
441,OK,495,5000088.8395,OK,454,5000088.8395,0.92,~tied
442,OK,36,1295552661530920149,OK,24,1295552661530920149,0.67,Rust
443,OK,1073,2744233049300770,OK,1265,2744233049300770,1.18,~tied
444,OK,3,1.200856722e263,OK,9,1.200856722e263,3.00,C
445,OK,6487,659104042,OK,6383,659104042,0.98,~tied
446,OK,2786,907803852,OK,2797,907803852,1.00,~tied
447,OK,3940,530553372,OK,3284,530553372,0.83,~tied
448,OK,13095,106467648,OK,10663,106467648,0.81,~tied
449,OK,3,103.37870096,OK,10,103.37870096,3.33,C
450,OK,1177,583333163984220940,OK,1521,583333163984220940,1.29,~tied
451,OK,3477,153651073760956,OK,2960,153651073760956,0.85,~tied
452,OK,6182,345558983,OK,10529,345558983,1.70,C
453,OK,25,104354107,OK,100,104354107,4.00,C
454,OK,2970,5435004633092,OK,1186,5435004633092,0.40,Rust
455,OK,2690,450186511399999,OK,3029,450186511399999,1.13,~tied
456,OK,703,333333208685971546,OK,779,333333208685971546,1.11,~tied
457,OK,959,2647787126797397063,OK,1011,2647787126797397063,1.05,~tied
458,OK,3,423341841,OK,10,423341841,3.33,C
459,OK,4408,3996390106631,OK,5088,3996390106631,1.15,~tied
460,OK,261,18.420738199,OK,256,18.420738199,0.98,~tied
461,OK,11071,159820276,OK,7872,159820276,0.71,~tied
462,OK,3,5.5350769703e1512,OK,12,5.5350769703e1512,4.00,C
463,OK,11,808981553,OK,2,808981553,0.18,Rust
464,OK,2727,198775297232878,OK,2995,198775297232878,1.10,~tied
465,OK,8526,585965659,OK,4586,585965659,0.54,Rust
466,OK,1015,258381958195474745,OK,1150,258381958195474745,1.13,~tied
467,OK,493,775181359,OK,450,775181359,0.91,~tied
468,OK,12856,852950321,OK,14697,852950321,1.14,~tied
469,OK,3,0.56766764161831,OK,10,0.56766764161831,3.33,C
470,OK,1930,147668794,OK,1915,147668794,0.99,~tied
471,OK,3,1.895093981e31,OK,3,1.895093981e31,1.00,~tied
472,OK,4,73811586,OK,1,73811586,0.25,Rust
473,OK,4,35856681704365,OK,2,35856681704365,0.50,Rust
474,OK,10,9690646731515010,OK,7,9690646731515010,0.70,~tied
475,OK,579,75780067,OK,696,75780067,1.20,~tied
476,OK,17288,110242.87794,OK,19932,110242.87794,1.15,~tied
477,OK,1075,25044905874565165,OK,1703,25044905874565165,1.58,C
478,OK,9920,59510340,OK,9356,59510340,0.94,~tied
479,OK,153,191541795,OK,150,191541795,0.98,~tied
480,OK,39,turnthestarson,OK,55,turnthestarson,1.41,~tied
481,OK,76,729.12106947,OK,70,729.12106947,0.92,~tied
482,OK,24103,1400824879147,OK,28753,1400824879147,1.19,~tied
483,OK,1511,4.993401567e22,OK,3696,4.993401567e22,2.45,C
484,OK,3613,8907904768686152599,OK,2571,8907904768686152599,0.71,~tied
485,OK,16823,51281274340,OK,19500,51281274340,1.16,~tied
486,OK,2344,11408450515,OK,2313,11408450515,0.99,~tied
487,OK,441,106650212746,OK,522,106650212746,1.18,~tied
488,OK,4,216737278,OK,9,216737278,2.25,C
489,OK,489,1791954757162,OK,296,1791954757162,0.61,Rust
490,OK,120,777577686,OK,197,777577686,1.64,C
491,OK,4,194505988824000,OK,11,194505988824000,2.75,C
492,OK,2282,242586962923928,OK,2044,242586962923928,0.90,~tied
493,OK,3,6.818741802,OK,10,6.818741802,3.33,C
494,OK,2711,2880067194446832666,OK,1180,2880067194446832666,0.44,Rust
495,OK,379,789107601,OK,584,789107601,1.54,C
496,OK,43,2042473533769142717,OK,41,2042473533769142717,0.95,~tied
497,OK,9,684901360,OK,5,684901360,0.56,Rust
498,OK,5,472294837,OK,2,472294837,0.40,Rust
499,OK,3,0.8660312,OK,1,0.8660312,0.33,Rust
500,OK,89,35407281,OK,68,35407281,0.76,~tied
501,OK,6654,197912312715,OK,5175,197912312715,0.78,~tied
502,OK,862,749485217,OK,1547,749485217,1.79,C
503,OK,19,3.8694550145,OK,27,3.8694550145,1.42,~tied
504,OK,90,694687,OK,134,694687,1.49,~tied
505,OK,5460,714591308667615832,OK,6874,714591308667615832,1.26,~tied
506,OK,8,18934502,OK,12,18934502,1.50,~tied
507,OK,6018,316558047002627270,OK,7398,316558047002627270,1.23,~tied
508,OK,64,891874596,OK,16,891874596,0.25,Rust
509,OK,3,151725678,OK,2,151725678,0.67,Rust
510,OK,31,315306518862563689,OK,56,315306518862563689,1.81,C
511,WRONG,10002,,OK,13463,935247012,,Rust-only
512,OK,318,50660591862310323,OK,213,50660591862310323,0.67,Rust
513,WRONG,10003,,OK,20464,2925619196,,Rust-only
514,OK,60,8986.86698,OK,89,8986.86698,1.48,~tied
515,OK,641,2422639000800,OK,156,2422639000800,0.24,Rust
516,OK,82,939087315,OK,115,939087315,1.40,~tied
517,OK,293,581468882,OK,261,581468882,0.89,~tied
518,OK,3694,100315739184392,OK,2873,100315739184392,0.78,~tied
519,OK,57,804739330,OK,71,804739330,1.25,~tied
520,OK,209,238413705,OK,279,238413705,1.33,~tied
521,OK,7336,44389811,OK,5756,44389811,0.78,~tied
522,OK,1043,96772715,OK,1063,96772715,1.02,~tied
523,OK,3,37125450.44,OK,9,37125450.44,3.00,C
524,OK,3,2432925835413407847,OK,3,2432925835413407847,1.00,~tied
525,OK,166,44.69921807,OK,165,44.69921807,0.99,~tied
526,OK,2315,49601160286750947,OK,2394,49601160286750947,1.03,~tied
527,OK,3,11.92412011,OK,3,11.92412011,1.00,~tied
528,OK,16,779027989,OK,18,779027989,1.12,~tied
529,WRONG,2,,OK,13639,23624465,,Rust-only
530,WRONG,10010,,OK,17873,207366437157977206,,Rust-only
531,OK,3076,4515432351156203105,OK,2445,4515432351156203105,0.79,~tied
532,OK,10,827306.56,OK,13,827306.56,1.30,~tied
533,OK,2091,789453601,OK,2073,789453601,0.99,~tied
534,OK,5406,11726115562784664,OK,6556,11726115562784664,1.21,~tied
535,WRONG,10007,,OK,231,611778217,,Rust-only
536,WRONG,10027,,OK,8526,3557005261906288,,Rust-only
537,OK,414,779429131,OK,524,779429131,1.27,~tied
538,WRONG,3283,18462707481788633,OK,3538,22472871503401097,,Rust-only
539,WRONG,29,250641606,OK,3,426334056,,Rust-only
540,OK,6182,500000000002845,OK,6993,500000000002845,1.13,~tied
541,OK,272,4580726482872451,OK,204,4580726482872451,0.75,~tied
542,WRONG,101,,OK,1359,697586734240314852,,Rust-only
543,OK,8014,199007746081234640,OK,7368,199007746081234640,0.92,~tied
544,OK,1107,640432376,OK,2061,640432376,1.86,C
545,WRONG,10003,,OK,8654,921107572,,Rust-only
546,OK,67,215656873,OK,20,215656873,0.30,Rust
547,OK,10,11730879.0023,OK,17,11730879.0023,1.70,C
548,WRONG,2175,12144044603581280,OK,3949,12144044603581281,,Rust-only
549,OK,26,476001479068717,OK,31,476001479068717,1.19,~tied
550,OK,1776,328104836,OK,970,328104836,0.55,Rust
551,OK,29,73597483551591773,OK,6,73597483551591773,0.21,Rust
552,WRONG,10002,,OK,8468,326227335,,Rust-only
553,OK,684,57717170,OK,836,57717170,1.22,~tied
554,OK,1349,89539872,OK,1339,89539872,0.99,~tied
555,OK,18,208517717451208352,OK,24,208517717451208352,1.33,~tied
556,OK,712,52126939292957,OK,1087,52126939292957,1.53,C
557,OK,7246,2699929328,OK,5324,2699929328,0.73,~tied
558,WRONG,10003,,OK,7490,226754889,,Rust-only
559,OK,6839,684724920,OK,7090,684724920,1.04,~tied
560,OK,631,994345168,OK,748,994345168,1.19,~tied
561,OK,3,452480999988235494,OK,13,452480999988235494,4.33,C
562,OK,335,51208732914368,OK,372,51208732914368,1.11,~tied
563,WRONG,10100,,OK,10366,27186308211734760,,Rust-only
564,OK,1856,12363.698850,OK,2090,12363.698850,1.13,~tied
565,OK,1156,2992480851924313898,OK,997,2992480851924313898,0.86,~tied
566,WRONG,10003,,TIMEOUT,120003,,,
567,OK,495,75.44817535,OK,517,75.44817535,1.04,~tied
568,OK,2,4228020,OK,13,4228020,6.50,C
569,OK,1672,21025060,OK,1800,21025060,1.08,~tied
570,OK,7393,271197444,OK,9604,271197444,1.30,~tied
571,WRONG,10002,,OK,10725,30510390701978,,Rust-only
572,OK,251,19737656,OK,343,19737656,1.37,~tied
573,WRONG,31,1252.9808,OK,56,1252.9809,,Rust-only
574,WRONG,10003,,TIMEOUT,120004,,,
575,OK,5,0.000989640561,OK,6,0.000989640561,1.20,~tied
576,OK,1928,344457.5871,OK,2081,344457.5871,1.08,~tied
577,WRONG,2,-8564775530635508069,OK,12,265695031399260211,,Rust-only
578,WRONG,582,7342155350557,WRONG,662,7342155350557,,
579,WRONG,168,631426340,OK,165,3805524,,Rust-only
580,WRONG,2892,-2157916030007852,OK,3121,2327213148095366,,Rust-only
581,OK,892,2227616372734,OK,791,2227616372734,0.89,~tied
582,WRONG,6,12854,OK,8,19903,,Rust-only
583,WRONG,10121,,OK,12764,1174137929000,,Rust-only
584,WRONG,10006,,OK,8977,32.83822408,,Rust-only
585,OK,6023,17714439395932,OK,6709,17714439395932,1.11,~tied
586,OK,2893,82490213,OK,2568,82490213,0.89,~tied
587,OK,3,2240,OK,13,2240,4.33,C
588,OK,3,11651930052,OK,5,11651930052,1.67,C
589,OK,1327,131776959.25,OK,2464,131776959.25,1.86,C
590,OK,266,834171904,OK,382,834171904,1.44,~tied
591,WRONG,3,944193456187,OK,81,526007984625966,,Rust-only
592,OK,5892,13415DF2BE9C,OK,5538,13415DF2BE9C,0.94,~tied
593,OK,4487,96632320042.0,OK,4031,96632320042.0,0.90,~tied
594,OK,74,47067598,OK,53,47067598,0.72,~tied
595,OK,3,54.17529329,OK,5,54.17529329,1.67,C
596,WRONG,10002,,OK,3607,734582049,,Rust-only
597,OK,78,0.5001817828,OK,133,0.5001817828,1.71,C
598,OK,156,543194779059,OK,69,543194779059,0.44,Rust
599,OK,2,12395526079546335,OK,4,12395526079546335,2.00,C
600,OK,7,2668608479740672,OK,12,2668608479740672,1.71,C
601,OK,3,1617243,OK,4,1617243,1.33,~tied
602,OK,484,269496760,OK,1360,269496760,2.81,C
603,OK,556,879476477,OK,378,879476477,0.68,~tied
604,OK,75,1398582231101,OK,192,1398582231101,2.56,C
605,OK,2,59992576,OK,12,59992576,6.00,C
606,WRONG,10004,,OK,10131,158452775,,Rust-only
607,OK,3,13.1265108586,OK,12,13.1265108586,4.00,C
608,WRONG,10028,,OK,24482,439689828,,Rust-only
609,OK,1890,172023848,OK,1885,172023848,1.00,~tied
610,WRONG,3,302.62570672,OK,5,319.30207833,,Rust-only
611,WRONG,10005,,OK,7122,49283233900,,Rust-only
612,OK,13,819963842,OK,28,819963842,2.15,C
613,OK,3,0.3916721504,OK,4,0.3916721504,1.33,~tied
614,WRONG,10004,,OK,101070,130694090,,Rust-only
615,OK,364,108424772,OK,2089,108424772,5.74,C
616,OK,99,310884668312456458,OK,83,310884668312456458,0.84,~tied
617,OK,70,1001133757,OK,117,1001133757,1.67,C
618,OK,128,634212216,OK,204,634212216,1.59,C
619,OK,7,857810883,OK,16,857810883,2.29,C
620,OK,413,1470337306,OK,455,1470337306,1.10,~tied
621,OK,1645,11429712,OK,1569,11429712,0.95,~tied
622,WRONG,23,926456512670040898,OK,47,3010983666182123972,,Rust-only
623,OK,2982,3679796,OK,3321,3679796,1.11,~tied
624,OK,2,984524441,OK,12,984524441,6.00,C
625,OK,3238,551614306,OK,2409,551614306,0.74,~tied
626,OK,2467,695577663,OK,3495,695577663,1.42,~tied
627,OK,32,220196142,OK,13,220196142,0.41,Rust
628,OK,1818,210286684,OK,2192,210286684,1.21,~tied
629,OK,65,626616617,OK,77,626616617,1.18,~tied
630,WRONG,10004,,OK,2041,9669182880384,,Rust-only
631,OK,20,869588692,OK,27,869588692,1.35,~tied
632,WRONG,10017,,OK,11652,728378714,,Rust-only
633,OK,22,1.0012e-10,OK,29,1.0012e-10,1.32,~tied
634,OK,82,4019680944,OK,96,4019680944,1.17,~tied
635,WRONG,10127,,OK,15795,689294705,,Rust-only
636,WRONG,109,,OK,9866,888316,,Rust-only
637,OK,4592,49000634845039,OK,5285,49000634845039,1.15,~tied
638,OK,473,18423394,OK,633,18423394,1.34,~tied
639,WRONG,10004,,OK,4017,797866893,,Rust-only
640,OK,283,50.317928,OK,232,50.317928,0.82,~tied
641,WRONG,10432,,TIMEOUT,30000,,,
642,WRONG,3890,876259267,OK,6313,631499044,,Rust-only
643,OK,3542,968274154,OK,2496,968274154,0.70,~tied
644,OK,2103,20.11208767,OK,1447,20.11208767,0.69,~tied
645,OK,4,48894.2174,OK,12,48894.2174,3.00,C
646,OK,2439,845218467,OK,879,845218467,0.36,Rust
647,OK,896,563132994232918611,OK,752,563132994232918611,0.84,~tied
648,OK,787,301483197,OK,1005,301483197,1.28,~tied
649,OK,3,924668016,OK,15,924668016,5.00,C
650,OK,1333,538319652,OK,4960,538319652,3.72,C
651,OK,27,448233151,OK,89,448233151,3.30,C
652,OK,46,983924497,OK,45,983924497,0.98,~tied
653,OK,90,1130658687,OK,34,1130658687,0.38,Rust
654,OK,5383,815868280,OK,14942,815868280,2.78,C
655,OK,9971,2000008332,OK,7057,2000008332,0.71,~tied
656,WRONG,76,,OK,16,888873503555187,,Rust-only
657,OK,1624,219493139,OK,6424,219493139,3.96,C
658,OK,1027,958280177,OK,1579,958280177,1.54,C
659,OK,3718,238518915714422000,OK,3204,238518915714422000,0.86,~tied
660,OK,4530,474766783,OK,9957,474766783,2.20,C
661,OK,23,646231.2177,OK,35,646231.2177,1.52,C
662,OK,7264,860873428,OK,4632,860873428,0.64,Rust
663,OK,1085,1884138010064752,OK,1018,1884138010064752,0.94,~tied
664,OK,84,35295862,OK,94,35295862,1.12,~tied
665,OK,646,11541685709674,OK,865,11541685709674,1.34,~tied
666,OK,6,0.48023168,OK,14,0.48023168,2.33,C
667,OK,6,1.5276527928,OK,6,1.5276527928,1.00,~tied
668,OK,285,2811077773,OK,130,2811077773,0.46,Rust
669,OK,3,56342087360542122,OK,2,56342087360542122,0.67,Rust
670,OK,3,551055065,OK,7,551055065,2.33,C
671,OK,259,946106780,OK,521,946106780,2.01,C
672,OK,3,91627537,OK,2000,91627537,666.67,C
673,OK,5,700325380,OK,4,700325380,0.80,~tied
674,WRONG,120,,OK,340,416678753,,Rust-only
675,OK,2945,416146418,OK,1767,416146418,0.60,Rust
676,WRONG,135,,OK,57,3562668074339584,,Rust-only
677,OK,3247,984183023,OK,7394,984183023,2.28,C
678,WRONG,10017,,OK,10713,1986065,,Rust-only
679,OK,11,644997092988678,OK,14,644997092988678,1.27,~tied
680,WRONG,8440,,OK,23794,563917241,,Rust-only
681,WRONG,10003,,TIMEOUT,30031,,,
682,OK,9,290872710,OK,18,290872710,2.00,C
683,OK,17,2.38955315e11,OK,16,2.38955315e11,0.94,~tied
684,OK,3,922058210,OK,5,922058210,1.67,C
685,OK,21,662878999,OK,24,662878999,1.14,~tied
686,OK,438,193060223,OK,689,193060223,1.57,C
687,OK,82,0.3285320869,OK,45,0.3285320869,0.55,Rust
688,OK,6315,110941813,OK,2691,110941813,0.43,Rust
689,OK,44,0.56565454,OK,56,0.56565454,1.27,~tied
690,OK,571,415157690,OK,537,415157690,0.94,~tied
691,WRONG,10022,,OK,8100,11570761,,Rust-only
692,OK,3,842043391019219959,OK,12,842043391019219959,4.00,C
693,OK,7330,699161,OK,7149,699161,0.98,~tied
694,OK,146,1339784153569958487,OK,180,1339784153569958487,1.23,~tied
695,OK,8,0.1017786859,OK,13,0.1017786859,1.62,C
696,OK,96,436944244,OK,90,436944244,0.94,~tied
697,OK,133,4343871.06,OK,132,4343871.06,0.99,~tied
698,OK,6,57808202,OK,5,57808202,0.83,~tied
699,WRONG,2078,2619008022383659383,OK,2973,37010438774467572,,Rust-only
700,OK,215,1517926517777556,OK,232,1517926517777556,1.08,~tied
701,OK,3447,13.51099836,OK,3787,13.51099836,1.10,~tied
702,OK,3,622305608172525546,OK,15,622305608172525546,5.00,C
703,OK,142,843437991,OK,196,843437991,1.38,~tied
704,OK,3,501985601490518144,OK,15,501985601490518144,5.00,C
705,OK,2441,480440153,OK,8256,480440153,3.38,C
706,OK,8,884837055,OK,9,884837055,1.12,~tied
707,OK,13,652907799,OK,31,652907799,2.38,C
708,OK,8962,28874142998632109,OK,7611,28874142998632109,0.85,~tied
709,OK,1050,773479144,OK,1348,773479144,1.28,~tied
710,OK,85,1275000,OK,101,1275000,1.19,~tied
711,OK,67,541510990,OK,178,541510990,2.66,C
712,OK,4833,413876461,OK,4471,413876461,0.93,~tied
713,OK,79,788626351539895,OK,47,788626351539895,0.59,Rust
714,WRONG,10004,,OK,60000,2.452767775565e20,,Rust-only
715,OK,9117,883188017,OK,9958,883188017,1.09,~tied
716,OK,29,238948623,OK,33,238948623,1.14,~tied
717,OK,899,1603036763131,OK,1350,1603036763131,1.50,C
718,OK,2953,228579116,OK,3407,228579116,1.15,~tied
719,OK,506,128088830547982,OK,329,128088830547982,0.65,Rust
720,OK,516,688081048,OK,948,688081048,1.84,C
721,WRONG,10003,,OK,12672,700792959,,Rust-only
722,OK,2,3.376792776502e132,OK,13,3.376792776502e132,6.50,C
723,OK,17,1395793419248,OK,34,1395793419248,2.00,C
724,OK,202,18128250110,OK,207,18128250110,1.02,~tied
725,OK,2,4598797036650685,OK,12,4598797036650685,6.00,C
726,OK,676,578040951,OK,692,578040951,1.02,~tied
727,OK,6,3.64039141,OK,16,3.64039141,2.67,C
728,OK,816,709874991,OK,865,709874991,1.06,~tied
729,OK,2809,308896374.2502,OK,2444,308896374.2502,0.87,~tied
730,WRONG,10003,,OK,11139,1315965924,,Rust-only
731,OK,3,6086371427,OK,13,6086371427,4.33,C
732,OK,466,45609,OK,783,45609,1.68,C
733,OK,2065,574368578,OK,1877,574368578,0.91,~tied
734,OK,426,557988060,OK,374,557988060,0.88,~tied
735,WRONG,10003,,TIMEOUT,30000,,,
736,OK,5,25332747903959376,OK,13,25332747903959376,2.60,C
737,WRONG,10002,,OK,15299,757794899,,Rust-only
738,OK,2648,143091030,OK,1716,143091030,0.65,Rust
739,OK,5316,711399016,OK,4005,711399016,0.75,~tied
740,WRONG,22,0.9810418792,OK,31,0.0189581208,,Rust-only
741,OK,3574,512895223,OK,2803,512895223,0.78,~tied
742,OK,192,18397727,OK,303,18397727,1.58,C
743,OK,3854,259158998,OK,2305,259158998,0.60,Rust
744,OK,3,0.0001999600,OK,12,0.0001999600,4.00,C
745,OK,317,94586478,OK,212,94586478,0.67,Rust
746,OK,489,867150922,OK,522,867150922,1.07,~tied
747,OK,1167,681813395,OK,1553,681813395,1.33,~tied
748,OK,5052,276402862,OK,3196,276402862,0.63,Rust
749,OK,225,13459471903176422,OK,217,13459471903176422,0.96,~tied
750,OK,249,160640,OK,412,160640,1.65,C
751,OK,3,2.223561019313554106173177,OK,12,2.223561019313554106173177,4.00,C
752,OK,2996,5610899769745488,OK,2744,5610899769745488,0.92,~tied
753,OK,36,4714126766770661630,OK,59,4714126766770661630,1.64,C
754,WRONG,10145,,OK,10718,785845900,,Rust-only
755,WRONG,936,5754143191951153920,OK,2,2877071595975576960,,Rust-only
756,WRONG,4035,607238.610648,OK,1342,607238.610661,,Rust-only
757,WRONG,3400,49990608,OK,2639,75737353,,Rust-only
758,OK,487,331196954,OK,476,331196954,0.98,~tied
759,OK,32,282771304,OK,17,282771304,0.53,Rust
760,OK,6,172747503,OK,4,172747503,0.67,Rust
761,OK,3,5.05505046,OK,4,5.05505046,1.33,~tied
762,WRONG,546,ERROR:couldnotdeterminepolynomialdegree(got194),OK,5,285528863,,Rust-only
763,OK,968,798443574,OK,4468,798443574,4.62,C
764,OK,8,255228881,OK,17,255228881,2.12,C
765,OK,3,0.2429251641,OK,4,0.2429251641,1.33,~tied
766,OK,2398,2613742,OK,2012,2613742,0.84,~tied
767,OK,291,783976175,OK,516,783976175,1.77,C
768,OK,14,14655308696436060,OK,23,14655308696436060,1.64,C
769,OK,5400,14246712611506,OK,5831,14246712611506,1.08,~tied
770,OK,2,127311223,OK,13,127311223,6.50,C
771,OK,5,398803409,OK,13,398803409,2.60,C
772,OK,1602,83985379,OK,1889,83985379,1.18,~tied
773,OK,4,556206950,OK,13,556206950,3.25,C
774,WRONG,10006,,TIMEOUT,30041,,,
775,OK,1131,946791106,OK,796,946791106,0.70,~tied
776,OK,5,9.627509725002e33,OK,14,9.627509725002e33,2.80,C
777,OK,91,2.533018434e23,OK,125,2.533018434e23,1.37,~tied
778,OK,4,146133880,OK,13,146133880,3.25,C
779,OK,3,0.547326103833,OK,4,0.547326103833,1.33,~tied
781,OK,1175,162450870,OK,1198,162450870,1.02,~tied
782,WRONG,10008,,OK,26767,318313204,,Rust-only
783,OK,9,136666597,OK,21,136666597,2.33,C
784,OK,1657,5833303012576429231,OK,2807,5833303012576429231,1.69,C
785,WRONG,5254,29525255207085600,OK,6963,29526986315080920,,Rust-only
786,WRONG,10038,,OK,29325,45594532839912702,,Rust-only
787,OK,306,202642367520564145,OK,199,202642367520564145,0.65,Rust
788,OK,104,471745499,OK,122,471745499,1.17,~tied
789,WRONG,1125,2000000010,OK,1527,13431419535872807040,,Rust-only
790,OK,681,16585056588495119,OK,571,16585056588495119,0.84,~tied
791,OK,226,404890862,OK,342,404890862,1.51,C
792,OK,687,2500500025183626,OK,703,2500500025183626,1.02,~tied
793,OK,460,475808650131120,OK,366,475808650131120,0.80,~tied
794,OK,220,8.146681749623,OK,67,8.146681749623,0.30,Rust
795,OK,780,955892601606483,OK,553,955892601606483,0.71,~tied
796,OK,216,43.20649061,OK,283,43.20649061,1.31,~tied
797,OK,7507,47722272,OK,7001,47722272,0.93,~tied
799,OK,4525,1096910149053902,OK,4521,1096910149053902,1.00,~tied
800,OK,234,1412403576,OK,257,1412403576,1.10,~tied
801,OK,1741,638129754,OK,1977,638129754,1.14,~tied
802,OK,190,973873727,OK,352,973873727,1.85,C
803,OK,396,9300900470636,OK,366,9300900470636,0.92,~tied
804,OK,188,4921370551019052,OK,249,4921370551019052,1.32,~tied
805,OK,1368,119719335,OK,686,119719335,0.50,Rust
808,OK,699,3807504276997394,OK,705,3807504276997394,1.01,~tied
809,OK,3,75353432948733,OK,12,75353432948733,4.00,C
810,OK,2367,124136381,OK,2459,124136381,1.04,~tied
811,OK,3,327287526,OK,12,327287526,4.00,C
813,OK,3,14063639,OK,5,14063639,1.67,C
814,OK,372,307159326,OK,652,307159326,1.75,C
815,OK,1056,54.12691621,OK,1400,54.12691621,1.33,~tied
816,OK,459,20.880613018,OK,146,20.880613018,0.32,Rust
817,OK,183,93158936107011,OK,202,93158936107011,1.10,~tied
818,OK,955,11871909492066000,OK,1604,11871909492066000,1.68,C
820,OK,1718,44967734,OK,1643,44967734,0.96,~tied
821,OK,3,9219661511328178,OK,12,9219661511328178,4.00,C
822,OK,48,950591530,OK,83,950591530,1.73,C
823,OK,425,865849519,OK,1536,865849519,3.61,C
825,OK,50,32.34481054,OK,131,32.34481054,2.62,C
827,WRONG,175,,OK,16421,397289979,,Rust-only
829,WRONG,10011,,OK,15367,41768797657018024,,Rust-only
830,WRONG,39,28113992145039921,OK,72,254179446930484376,,Rust-only
833,WRONG,76,37926535,OK,112,43884302,,Rust-only
834,WRONG,10003,,OK,29633,1254404167198752370,,Rust-only
835,OK,3,1050923942,OK,12,1050923942,4.00,C
836,OK,2,aprilfoolsjoke,OK,5,aprilfoolsjoke,2.50,C
837,WRONG,10049,,OK,12033,428074856,,Rust-only
839,OK,572,150893234438294408,OK,458,150893234438294408,0.80,~tied
840,WRONG,10003,,OK,14476,194396971,,Rust-only
841,WRONG,515,381.7860132851,OK,319,381.7860132854,,Rust-only
842,WRONG,614,30714523,OK,937,885226002,,Rust-only
843,WRONG,259,18324537956175079228,WRONG,291,16788283613131324946,,
844,WRONG,10003,,OK,97,101805206,,Rust-only
846,WRONG,10003,,TIMEOUT,30032,,,
847,WRONG,10003,,OK,10271,381868244,,Rust-only
848,OK,3,188.45503259,OK,12,188.45503259,4.00,C
850,OK,2241,878255725,OK,2837,878255725,1.27,~tied
851,OK,268,726358482,OK,383,726358482,1.43,~tied
852,OK,5473,130.313496,OK,3975,130.313496,0.73,~tied
853,OK,6,44511058204,OK,16,44511058204,2.67,C
854,OK,1265,29894398,OK,1342,29894398,1.06,~tied
855,OK,3,6.8827571976e-57,OK,13,6.8827571976e-57,4.33,C
856,OK,3,17.09661501,OK,4,17.09661501,1.33,~tied
857,OK,324,966332096,OK,428,966332096,1.32,~tied
858,OK,92,973077199,OK,87,973077199,0.95,~tied
859,OK,208,1527162658488196,OK,173,1527162658488196,0.83,~tied
860,OK,19,958666903,OK,133,958666903,7.00,C
861,WRONG,10003,,TIMEOUT,30032,,,
862,OK,10,6111397420935766740,OK,17,6111397420935766740,1.70,C
863,OK,68,3862.871397,OK,68,3862.871397,1.00,~tied
864,OK,54188,110572936177,OK,6379,110572936177,0.12,Rust
865,WRONG,10003,,OK,11677,761181918,,Rust-only
866,OK,3,492401720,OK,13,492401720,4.33,C
867,OK,4559,870557257,OK,5354,870557257,1.17,~tied
868,OK,3,3832914911887589,OK,13,3832914911887589,4.33,C
869,OK,2252,14.97696693,OK,2415,14.97696693,1.07,~tied
871,OK,405,2848790,OK,364,2848790,0.90,~tied
872,OK,3,2903144925319290239,OK,4,2903144925319290239,1.33,~tied
873,OK,4681,735131856,OK,5756,735131856,1.23,~tied
874,OK,8,4992775389,OK,22,4992775389,2.75,C
875,OK,405,79645946,OK,403,79645946,1.00,~tied
876,WRONG,84,-3666127262283,OK,72,457019806569269,,Rust-only
877,OK,2,336785000760344621,OK,3,336785000760344621,1.50,~tied
879,OK,59,4350069824940,OK,74,4350069824940,1.25,~tied
880,OK,1109,522095328,OK,1070,522095328,0.96,~tied
881,OK,9,205702861096933200,OK,33,205702861096933200,3.67,C
882,OK,14,15800662276,OK,16,15800662276,1.14,~tied
883,OK,2857,14854003484704,OK,3589,14854003484704,1.26,~tied
884,OK,160,1105985795684653500,OK,179,1105985795684653500,1.12,~tied
885,OK,184,827850196,OK,193,827850196,1.05,~tied
886,OK,6591,5570163,OK,29476,5570163,4.47,C
887,OK,3,39896187138661622,OK,13,39896187138661622,4.33,C
888,OK,237,227429102,OK,477,227429102,2.01,C
891,WRONG,10004,,WRONG,473,1025304,,
892,OK,323,469137427,OK,204,469137427,0.63,Rust
897,OK,22,1.599827123,OK,33,1.599827123,1.50,~tied
898,OK,411,0.9861343531,OK,273,0.9861343531,0.66,Rust
900,WRONG,3,296202364,OK,1,646900900,,
901,OK,3,2.364497769,OK,5,2.364497769,1.67,C
902,WRONG,10003,,TIMEOUT,30039,,,
903,WRONG,104,231548875,WRONG,396,231548875,,
905,OK,2,70228218,OK,4,70228218,2.00,C
910,WRONG,3,432948826,OK,9549,547480666,,
912,OK,3,674045136,,0,,,C-only
913,WRONG,95,,,0,,,
914,OK,560,414213562371805310,,0,,,C-only
915,OK,31,55601924,,0,,,C-only
916,OK,713,877789135,,0,,,C-only
917,WRONG,552,9986212680734624,,0,,,
918,OK,19,-6999033352333308,,0,,,C-only
919,WRONG,5373,113100980672008,,0,,,
921,OK,3019,378401935,OK,3294,378401935,1.09,~tied
926,OK,471,40410219,OK,299,40410219,0.63,Rust
927,WRONG,10004,,,0,,,
928,WRONG,10006,,,0,,,
929,OK,3230,57322484,,0,,,C-only
930,WRONG,494,1.345679959251e+12,,0,,,
934,WRONG,10162,,,0,,,
936,OK,917,12144907797522336,,0,,,C-only
937,WRONG,369,866599922,,0,,,
938,OK,1782,0.2928967987,,0,,,C-only
939,WRONG,24,1149840452,,0,,,
940,OK,9,969134784,,0,,,C-only
944,OK,9193,1228599511,,0,,,C-only
946,OK,7338,585787007,,0,,,C-only
948,OK,3,1033654680825334184,,0,,,C-only
951,OK,5,495568995495726,,0,,,C-only
952,OK,1474,794394453,,0,,,C-only
953,WRONG,10004,,,0,,,
954,WRONG,10003,,,0,,,
956,OK,120,882086212,OK,135,882086212,1.12,~tied
959,OK,67,0.857162085,OK,119,0.857162085,1.78,C
960,OK,3,243559751,OK,13,243559751,4.33,C
965,OK,248,0.0003452201133,OK,264,0.0003452201133,1.06,~tied
966,OK,3801,29337152.09,OK,3324,29337152.09,0.87,~tied
967,OK,1401,357591131712034236,OK,1216,357591131712034236,0.87,~tied
969,OK,3,412543690,OK,13,412543690,4.33,C
972,WRONG,10049,,OK,17818,3575508,,Rust-only
